<TICKER>,<PER>,<DATE>,<TIME>,<OPEN>,<HIGH>,<LOW>,<CLOSE>,<VOL>
US1.TRV,D,04/01/10,00:00,50.1500000,50.4400000,49.6600000,49.8000000,244381
US1.TRV,D,05/01/10,00:00,49.4600000,49.6700000,48.5200000,48.6300000,337497
US1.TRV,D,06/01/10,00:00,48.2600000,48.2600000,47.3600000,47.9100000,670238
US1.TRV,D,07/01/10,00:00,48.0000000,48.8400000,48.0000000,48.6400000,351359
US1.TRV,D,08/01/10,00:00,48.7400000,48.7600000,48.0700000,48.5300000,190410
US1.TRV,D,11/01/10,00:00,48.6800000,48.6800000,48.1000000,48.5100000,158235
US1.TRV,D,12/01/10,00:00,48.8000000,49.3300000,48.6300000,48.8600000,290285
US1.TRV,D,13/01/10,00:00,49.0400000,49.3100000,48.8500000,49.0000000,248395
US1.TRV,D,14/01/10,00:00,48.9400000,49.3900000,48.7400000,49.2500000,147048
US1.TRV,D,15/01/10,00:00,49.0800000,49.4600000,48.2600000,48.8100000,241691
US1.TRV,D,19/01/10,00:00,48.7900000,49.6000000,48.4400000,49.4300000,250015
US1.TRV,D,20/01/10,00:00,49.3500000,49.4800000,48.5500000,48.9500000,240947
US1.TRV,D,21/01/10,00:00,48.6700000,49.0600000,48.0300000,48.9400000,489988
US1.TRV,D,22/01/10,00:00,48.6900000,49.6400000,48.2200000,48.2800000,663716
US1.TRV,D,25/01/10,00:00,48.7600000,49.0900000,47.9500000,48.9000000,497384
US1.TRV,D,26/01/10,00:00,50.6100000,51.1300000,50.1600000,50.2500000,502436
US1.TRV,D,27/01/10,00:00,50.3500000,50.9000000,50.0300000,50.8600000,426469
US1.TRV,D,28/01/10,00:00,50.8500000,50.8800000,49.9800000,50.2800000,353492
US1.TRV,D,29/01/10,00:00,50.2500000,50.9900000,50.1300000,50.6500000,191448
US1.TRV,D,01/02/10,00:00,50.8200000,50.8900000,50.2200000,50.6700000,176501
US1.TRV,D,02/02/10,00:00,50.5900000,51.1700000,50.2700000,51.0500000,322449
US1.TRV,D,03/02/10,00:00,50.6800000,50.9400000,50.2900000,50.6100000,178264
US1.TRV,D,04/02/10,00:00,50.3900000,50.7200000,49.7000000,49.7100000,406844
US1.TRV,D,05/02/10,00:00,49.9500000,50.4800000,49.2400000,50.2900000,379041
US1.TRV,D,08/02/10,00:00,50.1100000,50.1850000,49.0100000,49.0300000,248778
US1.TRV,D,09/02/10,00:00,49.5100000,49.7400000,48.8900000,49.5400000,329130
US1.TRV,D,10/02/10,00:00,49.4100000,49.9000000,49.2500000,49.7500000,237144
US1.TRV,D,11/02/10,00:00,49.5300000,50.2600000,49.2600000,50.2000000,307166
US1.TRV,D,12/02/10,00:00,49.7700000,50.4800000,49.2800000,50.4800000,315370
US1.TRV,D,16/02/10,00:00,50.5100000,51.5900000,50.2600000,51.5700000,233387
US1.TRV,D,17/02/10,00:00,51.6200000,51.9100000,51.1800000,51.7800000,324883
US1.TRV,D,18/02/10,00:00,51.6400000,52.8800000,51.6400000,52.7000000,261056
US1.TRV,D,19/02/10,00:00,52.7200000,53.1200000,52.5700000,52.8900000,380930
US1.TRV,D,22/02/10,00:00,52.9800000,53.2800000,52.8400000,53.0000000,297081
US1.TRV,D,23/02/10,00:00,52.6600000,53.4200000,52.3200000,52.3800000,353309
US1.TRV,D,24/02/10,00:00,52.4800000,52.9600000,52.4800000,52.7600000,297953
US1.TRV,D,25/02/10,00:00,52.2000000,52.8800000,52.2000000,52.7500000,319331
US1.TRV,D,26/02/10,00:00,52.7700000,52.9700000,52.3300000,52.4900000,306447
US1.TRV,D,01/03/10,00:00,52.8800000,53.4200000,52.8100000,53.0800000,237925
US1.TRV,D,02/03/10,00:00,53.3500000,53.4400000,52.9100000,53.2500000,357915
US1.TRV,D,03/03/10,00:00,53.4300000,53.7200000,53.1200000,53.1400000,368173
US1.TRV,D,04/03/10,00:00,53.2900000,53.6200000,53.0400000,53.5500000,419151
US1.TRV,D,05/03/10,00:00,53.7400000,53.9600000,53.4500000,53.9400000,361239
US1.TRV,D,08/03/10,00:00,53.5300000,53.9900000,53.4500000,53.7700000,367525
US1.TRV,D,09/03/10,00:00,53.9200000,54.2000000,53.4500000,53.5400000,551333
US1.TRV,D,10/03/10,00:00,53.5300000,53.7800000,52.6100000,52.8700000,526190
US1.TRV,D,11/03/10,00:00,52.9700000,53.6500000,52.8400000,53.6300000,403839
US1.TRV,D,12/03/10,00:00,53.9600000,53.9700000,53.0000000,53.1400000,560068
US1.TRV,D,15/03/10,00:00,52.8400000,53.0400000,52.2800000,52.6800000,521591
US1.TRV,D,16/03/10,00:00,52.6300000,52.9500000,52.5000000,52.8700000,330191
US1.TRV,D,17/03/10,00:00,53.1600000,53.5400000,52.8500000,52.9900000,546043
US1.TRV,D,18/03/10,00:00,52.9600000,53.7100000,52.9600000,53.3900000,349061
US1.TRV,D,19/03/10,00:00,53.5600000,53.5600000,52.7800000,53.4200000,661504
US1.TRV,D,22/03/10,00:00,53.3600000,53.5700000,53.1800000,53.4200000,365798
US1.TRV,D,23/03/10,00:00,53.5300000,53.8900000,53.3500000,53.8900000,261971
US1.TRV,D,24/03/10,00:00,53.8600000,54.2600000,53.7200000,54.0900000,311645
US1.TRV,D,25/03/10,00:00,54.3000000,54.5000000,54.0200000,54.1000000,474566
US1.TRV,D,26/03/10,00:00,54.3600000,54.7400000,54.1600000,54.3600000,361999
US1.TRV,D,29/03/10,00:00,54.5800000,54.8100000,54.3500000,54.7400000,225343
US1.TRV,D,30/03/10,00:00,54.7800000,54.7800000,53.8000000,53.9500000,279785
US1.TRV,D,31/03/10,00:00,53.8300000,54.1500000,53.7000000,53.9400000,213398
US1.TRV,D,01/04/10,00:00,54.2400000,54.3100000,53.5900000,53.9100000,357363
US1.TRV,D,05/04/10,00:00,53.9900000,53.9900000,53.1800000,53.3000000,296274
US1.TRV,D,06/04/10,00:00,53.1100000,53.1500000,52.4300000,52.5700000,495022
US1.TRV,D,07/04/10,00:00,52.5000000,53.1800000,52.2800000,52.5400000,443123
US1.TRV,D,08/04/10,00:00,52.4000000,52.5100000,52.2000000,52.2700000,348964
US1.TRV,D,09/04/10,00:00,52.4200000,52.4600000,52.1400000,52.4100000,286672
US1.TRV,D,12/04/10,00:00,52.4250000,52.4300000,51.9300000,52.0300000,268609
US1.TRV,D,13/04/10,00:00,51.9500000,52.4200000,51.9500000,52.2400000,304066
US1.TRV,D,14/04/10,00:00,52.2400000,52.9500000,52.2300000,52.9000000,291621
US1.TRV,D,15/04/10,00:00,52.7100000,52.9700000,52.3300000,52.9200000,388130
US1.TRV,D,16/04/10,00:00,52.9900000,53.2100000,52.0600000,52.1600000,507716
US1.TRV,D,19/04/10,00:00,51.9500000,53.1900000,51.9500000,53.1800000,422322
US1.TRV,D,20/04/10,00:00,53.3800000,53.3800000,52.7900000,53.1700000,320174
US1.TRV,D,21/04/10,00:00,52.9600000,53.1200000,52.4100000,52.7700000,379157
US1.TRV,D,22/04/10,00:00,52.2300000,53.8350000,52.2000000,53.7800000,353005
US1.TRV,D,23/04/10,00:00,52.8200000,53.6100000,52.7300000,53.3500000,403302
US1.TRV,D,26/04/10,00:00,53.3700000,53.3800000,51.8700000,51.9200000,400541
US1.TRV,D,27/04/10,00:00,51.5600000,51.8200000,50.4900000,50.5400000,466105
US1.TRV,D,28/04/10,00:00,50.6300000,51.2500000,50.4500000,51.1500000,408612
US1.TRV,D,29/04/10,00:00,51.2800000,51.4200000,50.7000000,51.4200000,318596
US1.TRV,D,30/04/10,00:00,51.2600000,51.3400000,50.5000000,50.7500000,368451
US1.TRV,D,03/05/10,00:00,50.9200000,51.2700000,50.7600000,51.2000000,341411
US1.TRV,D,04/05/10,00:00,50.5000000,50.7400000,49.8050000,50.0000000,576196
US1.TRV,D,05/05/10,00:00,49.8500000,51.0500000,49.7900000,50.6700000,397130
US1.TRV,D,06/05/10,00:00,50.7900000,51.1100000,48.6300000,49.7500000,768746
US1.TRV,D,07/05/10,00:00,49.5300000,50.2100000,48.8500000,49.2800000,822824
US1.TRV,D,10/05/10,00:00,50.7200000,50.7200000,49.4700000,50.0700000,611775
US1.TRV,D,11/05/10,00:00,49.7100000,50.1900000,49.5400000,49.8000000,476491
US1.TRV,D,12/05/10,00:00,49.9100000,50.2500000,49.3800000,50.1800000,469537
US1.TRV,D,13/05/10,00:00,50.1100000,50.8200000,50.0200000,50.1600000,397355
US1.TRV,D,14/05/10,00:00,49.9900000,50.8200000,49.9000000,50.1300000,556733
US1.TRV,D,17/05/10,00:00,50.3000000,50.4800000,49.3500000,50.1600000,506282
US1.TRV,D,18/05/10,00:00,50.5100000,50.6900000,49.6900000,49.8300000,350568
US1.TRV,D,19/05/10,00:00,49.6300000,50.3500000,49.4200000,50.1300000,468887
US1.TRV,D,20/05/10,00:00,49.4600000,50.1900000,48.3900000,48.4000000,598081
US1.TRV,D,21/05/10,00:00,48.2400000,49.2600000,47.9200000,49.2300000,606131
US1.TRV,D,24/05/10,00:00,48.9500000,49.3700000,48.4400000,48.4800000,417558
US1.TRV,D,25/05/10,00:00,47.7500000,48.7100000,47.7500000,48.6600000,646252
US1.TRV,D,26/05/10,00:00,48.6600000,48.7600000,47.8900000,47.9100000,426266
US1.TRV,D,27/05/10,00:00,48.4700000,49.7700000,48.4700000,49.7500000,545588
US1.TRV,D,28/05/10,00:00,49.7900000,50.0500000,49.2900000,49.4700000,380619
US1.TRV,D,01/06/10,00:00,49.0400000,49.6300000,48.5400000,48.5800000,301476
US1.TRV,D,02/06/10,00:00,48.7800000,49.7700000,48.5500000,49.7500000,362279
US1.TRV,D,03/06/10,00:00,49.8100000,49.9400000,49.3900000,49.7300000,270062
US1.TRV,D,04/06/10,00:00,49.1800000,49.5300000,48.4300000,48.6100000,499645
US1.TRV,D,07/06/10,00:00,48.6800000,48.8200000,48.2600000,48.2900000,516458
US1.TRV,D,08/06/10,00:00,47.9100000,49.1200000,47.8500000,49.0400000,477512
US1.TRV,D,09/06/10,00:00,49.2500000,49.5400000,48.7200000,48.8000000,583678
US1.TRV,D,10/06/10,00:00,49.3300000,50.0300000,49.2250000,49.9800000,347510
US1.TRV,D,11/06/10,00:00,49.8000000,50.4100000,49.6400000,50.3900000,312189
US1.TRV,D,14/06/10,00:00,50.6900000,50.6900000,50.0400000,50.0800000,343467
US1.TRV,D,15/06/10,00:00,50.3100000,51.2850000,50.1800000,51.1900000,296667
US1.TRV,D,16/06/10,00:00,50.9300000,51.0400000,50.4100000,50.8500000,408607
US1.TRV,D,17/06/10,00:00,51.0000000,51.7300000,50.8200000,51.6900000,298782
US1.TRV,D,18/06/10,00:00,51.8100000,51.9100000,51.2600000,51.3400000,406325
US1.TRV,D,21/06/10,00:00,51.9600000,51.9600000,51.0200000,51.2000000,312228
US1.TRV,D,22/06/10,00:00,51.3400000,51.8400000,50.9950000,51.0200000,265026
US1.TRV,D,23/06/10,00:00,51.1000000,51.3800000,50.9100000,51.1200000,257358
US1.TRV,D,24/06/10,00:00,51.0000000,51.2000000,50.4300000,50.5400000,289061
US1.TRV,D,25/06/10,00:00,50.8000000,51.2700000,50.3400000,51.2600000,353874
US1.TRV,D,28/06/10,00:00,51.2600000,51.3400000,50.9900000,51.0400000,295341
US1.TRV,D,29/06/10,00:00,50.5900000,50.7600000,49.4800000,49.7400000,469106
US1.TRV,D,30/06/10,00:00,49.8800000,49.9200000,49.2200000,49.2400000,306602
US1.TRV,D,01/07/10,00:00,49.3300000,49.4600000,48.3900000,48.9500000,265277
US1.TRV,D,02/07/10,00:00,48.8000000,49.1200000,48.2400000,48.5000000,186598
US1.TRV,D,06/07/10,00:00,49.0100000,49.0900000,48.1800000,48.6000000,280077
US1.TRV,D,07/07/10,00:00,48.7500000,49.9800000,48.4200000,49.9600000,293952
US1.TRV,D,08/07/10,00:00,50.0800000,50.1400000,49.5100000,50.0900000,248117
US1.TRV,D,09/07/10,00:00,50.1700000,51.1600000,50.1100000,51.1000000,244609
US1.TRV,D,12/07/10,00:00,50.9800000,51.4200000,50.9300000,51.1200000,327650
US1.TRV,D,13/07/10,00:00,51.6100000,51.6400000,51.1400000,51.2100000,411963
US1.TRV,D,14/07/10,00:00,51.0400000,51.4700000,50.8400000,51.3600000,301092
US1.TRV,D,15/07/10,00:00,51.2100000,51.2100000,50.0000000,50.3000000,561137
US1.TRV,D,16/07/10,00:00,50.2400000,50.4400000,49.5100000,49.6300000,478536
US1.TRV,D,19/07/10,00:00,49.7500000,49.9900000,49.2800000,49.7400000,192642
US1.TRV,D,20/07/10,00:00,49.4000000,50.3900000,49.2700000,50.3300000,315075
US1.TRV,D,21/07/10,00:00,50.3100000,50.7100000,49.8000000,49.9000000,359774
US1.TRV,D,22/07/10,00:00,49.9800000,50.1900000,48.8100000,49.2700000,638937
US1.TRV,D,23/07/10,00:00,48.9050000,50.1400000,48.6100000,50.1200000,436096
US1.TRV,D,26/07/10,00:00,50.1500000,50.4600000,49.9700000,50.4300000,352426
US1.TRV,D,27/07/10,00:00,50.6000000,50.6000000,50.1500000,50.5600000,391984
US1.TRV,D,28/07/10,00:00,50.5400000,50.8100000,50.1550000,50.3300000,391214
US1.TRV,D,29/07/10,00:00,50.4800000,50.9300000,50.1200000,50.5200000,667728
US1.TRV,D,30/07/10,00:00,50.1600000,50.6000000,50.0300000,50.4300000,652956
US1.TRV,D,02/08/10,00:00,51.0800000,51.2100000,50.5300000,50.8200000,427184
US1.TRV,D,03/08/10,00:00,50.6900000,50.7250000,50.0300000,50.0900000,428376
US1.TRV,D,04/08/10,00:00,50.3700000,50.7500000,50.3300000,50.6700000,327613
US1.TRV,D,05/08/10,00:00,50.4900000,50.7100000,50.3300000,50.6700000,215708
US1.TRV,D,06/08/10,00:00,50.3000000,50.4400000,49.4800000,50.2400000,347022
US1.TRV,D,09/08/10,00:00,50.5000000,50.6900000,50.2100000,50.5600000,192150
US1.TRV,D,10/08/10,00:00,50.2000000,50.2600000,49.3200000,49.4100000,553891
US1.TRV,D,11/08/10,00:00,49.0200000,49.5600000,48.9200000,48.9700000,567899
US1.TRV,D,12/08/10,00:00,48.7100000,49.8700000,48.7100000,49.6400000,476311
US1.TRV,D,13/08/10,00:00,49.6800000,50.5800000,49.4100000,50.1200000,409931
US1.TRV,D,16/08/10,00:00,49.5000000,49.9200000,49.5000000,49.9000000,240296
US1.TRV,D,17/08/10,00:00,50.0900000,50.2100000,49.8300000,49.9200000,393200
US1.TRV,D,18/08/10,00:00,49.8800000,50.3000000,49.6300000,50.0800000,283130
US1.TRV,D,19/08/10,00:00,49.8300000,50.0700000,49.4900000,49.8400000,363807
US1.TRV,D,20/08/10,00:00,49.9700000,50.4000000,49.6700000,50.1000000,336951
US1.TRV,D,23/08/10,00:00,49.7700000,50.1800000,49.5200000,49.7400000,336838
US1.TRV,D,24/08/10,00:00,49.3300000,49.6900000,49.1500000,49.2300000,373439
US1.TRV,D,25/08/10,00:00,49.2700000,49.7100000,48.9700000,49.5400000,280479
US1.TRV,D,26/08/10,00:00,49.5200000,49.5200000,48.8900000,49.0400000,344292
US1.TRV,D,27/08/10,00:00,49.4400000,49.8700000,49.2100000,49.8600000,368765
US1.TRV,D,30/08/10,00:00,49.6700000,49.6700000,48.9200000,48.9600000,240167
US1.TRV,D,31/08/10,00:00,48.7600000,49.2900000,48.4900000,48.9700000,409508
US1.TRV,D,01/09/10,00:00,49.0800000,50.3600000,49.0700000,50.3100000,387966
US1.TRV,D,02/09/10,00:00,50.3000000,50.3000000,49.6600000,50.2100000,289972
US1.TRV,D,03/09/10,00:00,50.4700000,51.0400000,50.2700000,51.0200000,259618
US1.TRV,D,07/09/10,00:00,50.7300000,50.7600000,50.0800000,50.1200000,186597
US1.TRV,D,08/09/10,00:00,49.9300000,50.4000000,49.7600000,49.8200000,306845
US1.TRV,D,09/09/10,00:00,50.4500000,50.5500000,49.9900000,50.2800000,218274
US1.TRV,D,10/09/10,00:00,50.0100000,50.1050000,49.5400000,50.0300000,236128
US1.TRV,D,13/09/10,00:00,50.5400000,50.6100000,50.0000000,50.4300000,260778
US1.TRV,D,14/09/10,00:00,50.3900000,51.2700000,50.2900000,51.0000000,411510
US1.TRV,D,15/09/10,00:00,51.0500000,52.6300000,50.9900000,52.4500000,761469
US1.TRV,D,16/09/10,00:00,52.6800000,52.8700000,52.4400000,52.7000000,469659
US1.TRV,D,17/09/10,00:00,52.5300000,52.9400000,52.4700000,52.6600000,369665
US1.TRV,D,20/09/10,00:00,52.5800000,53.6700000,52.5800000,53.5500000,369051
US1.TRV,D,21/09/10,00:00,53.2300000,53.3400000,52.7300000,52.9400000,334799
US1.TRV,D,22/09/10,00:00,52.6000000,53.0200000,52.3300000,52.3500000,353856
US1.TRV,D,23/09/10,00:00,52.0800000,53.0500000,52.0800000,52.4000000,415914
US1.TRV,D,24/09/10,00:00,53.2300000,53.5000000,52.9100000,53.1000000,277910
US1.TRV,D,27/09/10,00:00,52.9100000,53.0400000,52.1200000,52.2000000,387154
US1.TRV,D,28/09/10,00:00,52.4200000,52.9500000,52.0800000,52.6600000,310225
US1.TRV,D,29/09/10,00:00,52.3500000,52.4400000,51.8500000,52.0000000,320968
US1.TRV,D,30/09/10,00:00,52.2500000,52.8200000,52.0000000,52.1200000,266966
US1.TRV,D,01/10/10,00:00,52.5800000,52.6000000,51.7000000,52.1000000,333924
US1.TRV,D,04/10/10,00:00,52.0500000,52.3100000,51.6000000,52.1200000,285437
US1.TRV,D,05/10/10,00:00,52.2900000,53.0100000,51.8000000,52.8700000,323047
US1.TRV,D,06/10/10,00:00,53.1400000,53.1500000,52.4600000,52.8100000,259692
US1.TRV,D,07/10/10,00:00,52.7500000,53.0500000,52.3900000,52.6200000,233813
US1.TRV,D,08/10/10,00:00,52.5500000,52.9000000,52.2400000,52.7800000,256504
US1.TRV,D,11/10/10,00:00,53.0300000,53.0300000,52.6200000,52.9400000,191443
US1.TRV,D,12/10/10,00:00,53.0300000,53.1700000,52.6100000,52.8200000,346256
US1.TRV,D,13/10/10,00:00,53.2100000,53.9100000,52.8000000,53.4100000,355906
US1.TRV,D,14/10/10,00:00,53.2900000,53.8850000,53.1900000,53.5000000,285924
US1.TRV,D,15/10/10,00:00,53.7300000,53.9600000,53.5700000,53.6500000,306967
US1.TRV,D,18/10/10,00:00,53.5900000,54.3900000,53.5300000,54.3700000,242904
US1.TRV,D,19/10/10,00:00,54.2500000,54.4800000,53.5200000,53.7700000,344514
US1.TRV,D,20/10/10,00:00,53.8350000,54.7400000,53.7800000,54.6300000,388098
US1.TRV,D,21/10/10,00:00,55.2000000,55.6750000,54.5300000,54.9800000,292763
US1.TRV,D,22/10/10,00:00,55.0500000,55.4900000,54.8200000,55.1100000,284240
US1.TRV,D,25/10/10,00:00,55.2400000,55.9000000,55.1300000,55.6000000,324339
US1.TRV,D,26/10/10,00:00,54.7400000,55.2500000,54.5300000,55.0400000,519860
US1.TRV,D,27/10/10,00:00,54.7300000,54.9700000,54.1800000,54.7200000,391167
US1.TRV,D,28/10/10,00:00,54.9700000,55.3300000,54.5800000,54.6900000,269803
US1.TRV,D,29/10/10,00:00,54.7050000,55.2900000,54.6500000,55.1600000,291532
US1.TRV,D,01/11/10,00:00,55.5100000,56.4000000,55.4100000,55.7400000,306839
US1.TRV,D,02/11/10,00:00,56.0900000,56.2400000,55.5000000,55.5200000,304955
US1.TRV,D,03/11/10,00:00,55.5800000,56.0200000,55.4900000,55.9200000,255936
US1.TRV,D,04/11/10,00:00,56.2300000,57.3700000,56.0400000,57.2600000,359280
US1.TRV,D,05/11/10,00:00,56.9600000,57.5400000,56.6100000,57.4350000,432291
US1.TRV,D,08/11/10,00:00,57.3500000,57.4100000,56.4600000,56.5900000,138897
US1.TRV,D,09/11/10,00:00,56.6100000,56.7100000,56.2500000,56.6500000,425529
US1.TRV,D,10/11/10,00:00,56.5600000,57.2900000,56.2900000,56.8000000,384938
US1.TRV,D,11/11/10,00:00,56.5100000,57.1100000,56.0200000,56.4100000,500662
US1.TRV,D,12/11/10,00:00,56.1900000,56.8100000,56.0900000,56.3100000,322330
US1.TRV,D,15/11/10,00:00,56.4700000,57.2300000,56.4200000,56.7600000,333176
US1.TRV,D,16/11/10,00:00,56.3000000,56.3900000,54.5400000,54.7400000,789783
US1.TRV,D,17/11/10,00:00,54.9800000,55.5400000,54.8100000,55.3600000,427963
US1.TRV,D,18/11/10,00:00,55.7400000,56.1900000,55.5700000,55.7900000,337932
US1.TRV,D,19/11/10,00:00,55.5700000,55.7100000,55.2150000,55.4600000,385785
US1.TRV,D,22/11/10,00:00,55.1900000,55.1900000,54.6500000,54.9900000,315206
US1.TRV,D,23/11/10,00:00,54.2100000,54.5500000,53.9500000,54.3000000,377208
US1.TRV,D,24/11/10,00:00,54.5800000,55.1400000,54.5500000,55.0800000,212959
US1.TRV,D,26/11/10,00:00,54.5100000,54.9100000,54.3800000,54.3800000,93647
US1.TRV,D,29/11/10,00:00,53.9900000,54.3300000,53.6900000,54.1800000,557252
US1.TRV,D,30/11/10,00:00,53.8600000,54.4300000,53.7900000,53.9900000,294388
US1.TRV,D,01/12/10,00:00,54.6200000,55.0400000,54.5200000,54.8800000,390338
US1.TRV,D,02/12/10,00:00,54.7900000,55.2900000,54.7100000,55.1000000,225176
US1.TRV,D,03/12/10,00:00,55.1400000,55.1400000,54.6400000,54.8600000,317047
US1.TRV,D,06/12/10,00:00,54.9200000,55.2500000,54.7000000,55.0100000,205719
US1.TRV,D,07/12/10,00:00,55.4100000,55.6600000,54.8200000,54.8400000,297142
US1.TRV,D,08/12/10,00:00,54.7200000,55.3300000,54.6800000,55.0400000,450996
US1.TRV,D,09/12/10,00:00,55.2500000,55.3200000,54.1500000,54.6500000,293949
US1.TRV,D,10/12/10,00:00,54.5800000,54.8100000,54.3600000,54.7300000,228543
US1.TRV,D,13/12/10,00:00,54.9000000,55.5600000,54.8100000,55.2900000,266636
US1.TRV,D,14/12/10,00:00,55.3400000,55.9600000,55.2400000,55.3400000,395152
US1.TRV,D,15/12/10,00:00,55.3100000,55.5300000,55.1000000,55.1600000,363940
US1.TRV,D,16/12/10,00:00,55.2500000,55.5250000,55.0000000,55.3500000,249827
US1.TRV,D,17/12/10,00:00,55.4400000,55.4900000,54.9200000,55.1700000,351419
US1.TRV,D,20/12/10,00:00,55.4800000,55.6800000,55.1500000,55.4600000,232226
US1.TRV,D,21/12/10,00:00,55.6000000,55.9800000,55.4000000,55.9000000,252418
US1.TRV,D,22/12/10,00:00,55.8300000,55.9800000,55.5700000,55.8100000,249948
US1.TRV,D,23/12/10,00:00,55.7800000,55.7900000,55.3700000,55.4700000,80375
US1.TRV,D,27/12/10,00:00,55.3200000,55.9500000,54.6800000,55.8100000,110344
US1.TRV,D,28/12/10,00:00,55.8900000,56.0900000,55.6100000,55.6800000,114410
US1.TRV,D,29/12/10,00:00,55.7900000,55.8200000,55.5800000,55.6200000,84928
US1.TRV,D,30/12/10,00:00,55.7700000,55.8300000,55.5300000,55.5500000,73715
US1.TRV,D,31/12/10,00:00,55.5800000,55.9200000,55.5000000,55.7100000,120241
US1.TRV,D,03/01/11,00:00,56.0900000,56.3400000,55.7300000,55.8100000,173966
US1.TRV,D,04/01/11,00:00,55.7450000,56.0500000,55.3050000,55.5700000,155428
US1.TRV,D,05/01/11,00:00,55.4500000,55.5100000,55.0900000,55.2500000,223952
US1.TRV,D,06/01/11,00:00,55.2900000,55.2900000,54.3400000,54.3500000,276383
US1.TRV,D,07/01/11,00:00,54.3600000,54.3900000,52.8800000,53.3100000,744729
US1.TRV,D,10/01/11,00:00,53.1600000,54.0600000,52.9600000,53.8600000,278680
US1.TRV,D,11/01/11,00:00,54.0200000,54.3500000,53.7600000,53.8900000,185689
US1.TRV,D,12/01/11,00:00,54.1100000,54.7000000,53.8800000,54.5700000,218804
US1.TRV,D,13/01/11,00:00,54.4500000,54.8400000,54.2950000,54.6500000,226251
US1.TRV,D,14/01/11,00:00,54.4300000,54.6400000,53.9800000,54.6400000,209471
US1.TRV,D,18/01/11,00:00,54.5100000,54.7900000,54.2300000,54.6600000,146672
US1.TRV,D,19/01/11,00:00,54.4550000,54.6600000,54.1000000,54.4600000,179498
US1.TRV,D,20/01/11,00:00,54.3100000,54.8500000,54.2100000,54.8500000,223296
US1.TRV,D,21/01/11,00:00,55.1600000,55.1800000,54.6350000,54.9950000,358226
US1.TRV,D,24/01/11,00:00,55.1700000,55.8100000,55.0000000,55.6200000,406396
US1.TRV,D,25/01/11,00:00,57.0000000,57.7600000,56.1450000,56.2400000,434381
US1.TRV,D,26/01/11,00:00,56.4100000,56.6100000,55.8900000,56.2200000,324921
US1.TRV,D,27/01/11,00:00,56.3300000,56.7000000,56.2200000,56.6200000,373655
US1.TRV,D,28/01/11,00:00,56.6200000,56.8100000,55.6700000,55.8300000,421765
US1.TRV,D,31/01/11,00:00,55.8100000,56.6400000,55.8100000,56.2800000,341286
US1.TRV,D,01/02/11,00:00,56.3200000,57.0100000,56.3200000,56.8150000,239426
US1.TRV,D,02/02/11,00:00,56.6600000,56.9800000,56.5800000,56.7700000,297751
US1.TRV,D,03/02/11,00:00,56.6500000,57.5200000,56.6500000,57.2200000,313864
US1.TRV,D,04/02/11,00:00,57.4000000,57.5000000,57.0800000,57.4100000,263001
US1.TRV,D,07/02/11,00:00,57.1000000,57.4800000,56.9800000,57.1800000,277787
US1.TRV,D,08/02/11,00:00,57.1300000,57.9900000,57.1000000,57.8800000,168289
US1.TRV,D,09/02/11,00:00,57.7300000,59.0300000,57.7300000,58.7900000,375936
US1.TRV,D,10/02/11,00:00,58.8900000,59.1100000,58.0800000,58.4400000,317555
US1.TRV,D,11/02/11,00:00,58.4400000,58.9900000,58.2900000,58.9800000,233405
US1.TRV,D,14/02/11,00:00,58.9200000,59.0000000,58.5500000,58.8000000,306294
US1.TRV,D,15/02/11,00:00,58.7350000,59.4900000,58.7350000,59.3300000,204392
US1.TRV,D,16/02/11,00:00,59.4100000,59.8500000,59.2500000,59.4600000,301667
US1.TRV,D,17/02/11,00:00,59.3900000,59.9900000,59.3900000,59.7900000,211216
US1.TRV,D,18/02/11,00:00,59.6900000,61.0100000,59.6900000,60.9300000,454582
US1.TRV,D,22/02/11,00:00,60.7700000,61.1200000,60.4800000,60.5400000,405052
US1.TRV,D,23/02/11,00:00,60.6500000,60.9000000,60.3300000,60.4400000,388163
US1.TRV,D,24/02/11,00:00,60.5500000,60.9800000,59.1300000,59.3300000,436450
US1.TRV,D,25/02/11,00:00,59.1700000,59.8100000,59.0700000,59.5900000,356286
US1.TRV,D,28/02/11,00:00,59.5400000,60.0200000,59.3600000,59.9700000,158310
US1.TRV,D,01/03/11,00:00,59.8700000,59.8900000,59.2200000,59.2300000,307113
US1.TRV,D,02/03/11,00:00,59.0800000,59.2600000,58.7600000,58.8500000,269595
US1.TRV,D,03/03/11,00:00,59.4700000,59.8100000,59.0200000,59.0500000,350052
US1.TRV,D,04/03/11,00:00,59.0300000,59.5100000,58.5500000,59.2000000,297611
US1.TRV,D,07/03/11,00:00,59.2150000,59.6900000,58.8800000,58.9800000,344421
US1.TRV,D,08/03/11,00:00,58.7500000,59.4600000,58.7400000,59.0900000,253668
US1.TRV,D,09/03/11,00:00,59.1150000,59.7200000,59.0100000,59.4100000,153194
US1.TRV,D,10/03/11,00:00,59.0000000,59.1000000,58.4700000,58.5300000,307475
US1.TRV,D,11/03/11,00:00,58.3400000,58.9500000,57.8800000,58.8600000,233309
US1.TRV,D,14/03/11,00:00,58.6050000,58.9800000,58.4400000,58.8800000,239246
US1.TRV,D,15/03/11,00:00,57.8300000,58.8000000,57.8300000,58.5300000,330750
US1.TRV,D,16/03/11,00:00,58.3100000,58.8400000,58.0200000,58.0800000,518645
US1.TRV,D,17/03/11,00:00,58.5200000,58.7900000,58.2100000,58.6600000,267574
US1.TRV,D,18/03/11,00:00,59.1700000,59.4900000,58.1050000,58.1100000,304641
US1.TRV,D,21/03/11,00:00,58.4800000,58.9700000,58.3800000,58.9300000,155518
US1.TRV,D,22/03/11,00:00,58.9200000,59.2700000,58.2800000,58.2800000,263798
US1.TRV,D,23/03/11,00:00,58.2700000,58.5100000,58.0100000,58.4100000,271301
US1.TRV,D,24/03/11,00:00,58.6000000,58.9200000,58.2500000,58.8500000,255491
US1.TRV,D,25/03/11,00:00,58.7600000,59.2700000,58.4350000,58.9900000,197175
US1.TRV,D,28/03/11,00:00,59.0300000,59.1600000,58.8700000,58.9200000,232420
US1.TRV,D,29/03/11,00:00,58.5300000,59.4300000,58.4400000,59.2400000,231993
US1.TRV,D,30/03/11,00:00,59.1700000,59.9600000,59.0800000,59.4000000,266158
US1.TRV,D,31/03/11,00:00,59.5100000,60.0100000,59.2700000,59.4700000,259634
US1.TRV,D,01/04/11,00:00,59.7800000,59.9900000,59.4500000,59.6900000,231269
US1.TRV,D,04/04/11,00:00,59.8700000,59.9900000,59.5200000,59.6300000,190283
US1.TRV,D,05/04/11,00:00,59.6600000,59.6600000,59.1200000,59.1300000,251465
US1.TRV,D,06/04/11,00:00,59.5400000,59.9900000,59.3900000,59.9200000,289744
US1.TRV,D,07/04/11,00:00,59.8000000,60.0000000,59.5300000,59.7900000,186016
US1.TRV,D,08/04/11,00:00,59.9000000,59.9300000,59.3500000,59.5900000,174114
US1.TRV,D,11/04/11,00:00,59.8000000,60.8400000,59.8000000,60.4200000,398942
US1.TRV,D,12/04/11,00:00,60.4100000,60.4500000,59.3300000,59.7100000,261809
US1.TRV,D,13/04/11,00:00,60.1300000,60.3900000,59.6700000,59.9200000,218375
US1.TRV,D,14/04/11,00:00,59.5900000,59.7700000,59.0100000,59.6400000,227219
US1.TRV,D,15/04/11,00:00,59.7100000,59.9750000,59.3700000,59.8100000,245615
US1.TRV,D,18/04/11,00:00,59.1500000,59.1700000,58.5000000,59.0400000,308419
US1.TRV,D,19/04/11,00:00,59.1000000,59.1000000,58.0700000,58.2300000,274090
US1.TRV,D,20/04/11,00:00,59.1300000,59.5400000,58.9500000,59.0900000,290449
US1.TRV,D,21/04/11,00:00,60.7800000,61.3600000,60.5200000,61.2900000,402007
US1.TRV,D,22/04/11,00:00,115.9900000,124.9900000,100.9900000,124.9900000,2179782
US1.TRV,D,25/04/11,00:00,61.4100000,62.0800000,61.2000000,61.7900000,201455
US1.TRV,D,26/04/11,00:00,61.8200000,61.8200000,60.9100000,61.3600000,324057
US1.TRV,D,27/04/11,00:00,61.3600000,62.2600000,61.3600000,62.2300000,269808
US1.TRV,D,28/04/11,00:00,61.9100000,63.3700000,61.9100000,63.0600000,263664
US1.TRV,D,29/04/11,00:00,62.8000000,63.3200000,62.6600000,63.2500000,213305
US1.TRV,D,02/05/11,00:00,63.6300000,63.7800000,63.2900000,63.5200000,231412
US1.TRV,D,03/05/11,00:00,63.5700000,64.1200000,63.4400000,64.0300000,290779
US1.TRV,D,04/05/11,00:00,63.8500000,63.8500000,63.0700000,63.5500000,280901
US1.TRV,D,05/05/11,00:00,63.8700000,63.9900000,62.8600000,63.0200000,238194
US1.TRV,D,06/05/11,00:00,63.4400000,64.1600000,63.0800000,63.4100000,247874
US1.TRV,D,09/05/11,00:00,63.2950000,63.5300000,62.8600000,63.3700000,172211
US1.TRV,D,10/05/11,00:00,63.1700000,63.8900000,63.0700000,63.8500000,197155
US1.TRV,D,11/05/11,00:00,63.7700000,64.0900000,63.0200000,63.2900000,210742
US1.TRV,D,12/05/11,00:00,63.2800000,63.9200000,62.4800000,63.8500000,242126
US1.TRV,D,13/05/11,00:00,63.6200000,63.6200000,62.1900000,62.3700000,399585
US1.TRV,D,16/05/11,00:00,62.3900000,63.1000000,62.3900000,62.9500000,164794
US1.TRV,D,17/05/11,00:00,62.7500000,63.0200000,62.1500000,62.5900000,269494
US1.TRV,D,18/05/11,00:00,62.4800000,63.0300000,62.1300000,62.9800000,175748
US1.TRV,D,19/05/11,00:00,62.9400000,62.9400000,62.3600000,62.8200000,176220
US1.TRV,D,20/05/11,00:00,62.7100000,63.1000000,62.1800000,62.2700000,178346
US1.TRV,D,23/05/11,00:00,61.7900000,62.0000000,61.3800000,61.4450000,187429
US1.TRV,D,24/05/11,00:00,61.5900000,61.6600000,61.0000000,61.0300000,179078
US1.TRV,D,25/05/11,00:00,60.8500000,61.5500000,60.3700000,61.4300000,233277
US1.TRV,D,26/05/11,00:00,61.2500000,61.7500000,60.6800000,61.1800000,200485
US1.TRV,D,27/05/11,00:00,61.2900000,61.8000000,61.2700000,61.5100000,177016
US1.TRV,D,31/05/11,00:00,61.9100000,62.1800000,61.7500000,62.1100000,213180
US1.TRV,D,01/06/11,00:00,61.7200000,62.2400000,61.1800000,61.2000000,306357
US1.TRV,D,02/06/11,00:00,61.1500000,61.3300000,60.8200000,61.2000000,180910
US1.TRV,D,03/06/11,00:00,60.7300000,61.7600000,60.7300000,61.1850000,262599
US1.TRV,D,06/06/11,00:00,61.6400000,61.6400000,60.9200000,61.0850000,237631
US1.TRV,D,07/06/11,00:00,61.2600000,61.6700000,61.2100000,61.2300000,204045
US1.TRV,D,08/06/11,00:00,60.6300000,60.9500000,60.4700000,60.6600000,252765
US1.TRV,D,09/06/11,00:00,60.9000000,61.3400000,60.4400000,61.0900000,204466
US1.TRV,D,10/06/11,00:00,60.1500000,60.3600000,58.7200000,59.2200000,585559
US1.TRV,D,13/06/11,00:00,59.1000000,59.3000000,58.6800000,58.7600000,354074
US1.TRV,D,14/06/11,00:00,59.0700000,59.0700000,58.3800000,58.6700000,285278
US1.TRV,D,15/06/11,00:00,58.2700000,58.2900000,57.5000000,57.5500000,354241
US1.TRV,D,16/06/11,00:00,57.5600000,58.0700000,57.3900000,57.7900000,239028
US1.TRV,D,17/06/11,00:00,58.0000000,58.2000000,57.6900000,57.9800000,301389
US1.TRV,D,20/06/11,00:00,57.5700000,57.8400000,57.1000000,57.5900000,244799
US1.TRV,D,21/06/11,00:00,57.6500000,58.2800000,57.3800000,58.0500000,267626
US1.TRV,D,22/06/11,00:00,57.8300000,58.2500000,57.3000000,57.3400000,365259
US1.TRV,D,23/06/11,00:00,56.7700000,57.2800000,56.1300000,57.1600000,595457
US1.TRV,D,24/06/11,00:00,56.9600000,57.0900000,56.2700000,56.7000000,340536
US1.TRV,D,27/06/11,00:00,56.8800000,57.5400000,56.7300000,57.2500000,293343
US1.TRV,D,28/06/11,00:00,57.3500000,57.6400000,57.1400000,57.5400000,303309
US1.TRV,D,29/06/11,00:00,57.7000000,58.6800000,57.5500000,58.5800000,392363
US1.TRV,D,30/06/11,00:00,58.5600000,58.6500000,58.2600000,58.3900000,273155
US1.TRV,D,01/07/11,00:00,58.5600000,59.2700000,58.5600000,59.0850000,263883
US1.TRV,D,05/07/11,00:00,58.9800000,59.3600000,58.4600000,58.5400000,208264
US1.TRV,D,06/07/11,00:00,58.5400000,59.0100000,58.2300000,58.6200000,188999
US1.TRV,D,07/07/11,00:00,59.0000000,59.3500000,58.6000000,58.9300000,210084
US1.TRV,D,08/07/11,00:00,58.6300000,58.7300000,58.0900000,58.6600000,209519
US1.TRV,D,11/07/11,00:00,58.4100000,58.7200000,58.1200000,58.2300000,306448
US1.TRV,D,12/07/11,00:00,58.3500000,59.0100000,58.2600000,58.3700000,304312
US1.TRV,D,13/07/11,00:00,58.6900000,59.0400000,58.3000000,58.4900000,249931
US1.TRV,D,14/07/11,00:00,58.5600000,58.8300000,57.6700000,57.7300000,354178
US1.TRV,D,15/07/11,00:00,58.1600000,58.2700000,57.6000000,57.8900000,248209
US1.TRV,D,18/07/11,00:00,57.3900000,57.3900000,56.3700000,56.5300000,351138
US1.TRV,D,19/07/11,00:00,56.8200000,57.2400000,56.7700000,57.0200000,260120
US1.TRV,D,20/07/11,00:00,57.1100000,57.2300000,56.7100000,57.0800000,219510
US1.TRV,D,21/07/11,00:00,56.4600000,57.8000000,56.4400000,57.6800000,443785
US1.TRV,D,22/07/11,00:00,57.7600000,58.0500000,57.3500000,57.5900000,260157
US1.TRV,D,25/07/11,00:00,57.0400000,57.0400000,56.4200000,56.6300000,399047
US1.TRV,D,26/07/11,00:00,56.6500000,57.1600000,56.3100000,56.8100000,257088
US1.TRV,D,27/07/11,00:00,56.6600000,56.7400000,56.2300000,56.2700000,338798
US1.TRV,D,28/07/11,00:00,56.2700000,56.4700000,55.4000000,55.5300000,254452
US1.TRV,D,29/07/11,00:00,55.0500000,55.5700000,54.9400000,55.1700000,382868
US1.TRV,D,01/08/11,00:00,55.1700000,55.5800000,54.3700000,54.6000000,413358
US1.TRV,D,02/08/11,00:00,54.1200000,55.0600000,54.1200000,54.1700000,508084
US1.TRV,D,03/08/11,00:00,54.0700000,54.2500000,53.2700000,54.1900000,541381
US1.TRV,D,04/08/11,00:00,53.5000000,54.0500000,53.1300000,53.2800000,879124
US1.TRV,D,05/08/11,00:00,53.8700000,54.1500000,52.0900000,52.5700000,1231636
US1.TRV,D,08/08/11,00:00,51.6150000,52.0900000,48.5600000,48.5800000,890374
US1.TRV,D,09/08/11,00:00,50.0000000,51.6900000,48.5400000,51.6700000,728453
US1.TRV,D,10/08/11,00:00,49.6600000,50.9700000,48.9400000,49.0100000,1315294
US1.TRV,D,11/08/11,00:00,48.9600000,52.0200000,48.9600000,51.3200000,682398
US1.TRV,D,12/08/11,00:00,51.1400000,51.9000000,50.6700000,51.1700000,303593
US1.TRV,D,15/08/11,00:00,51.3800000,52.2650000,51.2200000,52.2400000,285934
US1.TRV,D,16/08/11,00:00,51.6400000,52.5200000,51.6000000,52.0000000,378690
US1.TRV,D,17/08/11,00:00,52.3900000,52.5500000,51.8900000,52.1800000,242644
US1.TRV,D,18/08/11,00:00,50.8300000,51.0100000,49.4600000,49.8100000,615181
US1.TRV,D,19/08/11,00:00,49.6700000,50.6100000,49.3900000,49.4800000,476250
US1.TRV,D,22/08/11,00:00,50.4600000,50.4800000,49.0100000,49.1100000,344319
US1.TRV,D,23/08/11,00:00,49.1200000,49.4300000,48.4900000,49.3300000,657344
US1.TRV,D,24/08/11,00:00,49.0400000,49.9000000,48.6100000,49.4900000,470101
US1.TRV,D,25/08/11,00:00,49.5800000,49.7400000,47.7100000,48.0000000,651908
US1.TRV,D,26/08/11,00:00,47.6700000,48.5800000,46.6200000,48.2900000,473553
US1.TRV,D,29/08/11,00:00,49.7800000,50.9500000,49.5700000,50.7200000,532597
US1.TRV,D,30/08/11,00:00,50.3600000,50.5650000,49.8500000,50.2400000,350483
US1.TRV,D,31/08/11,00:00,50.3600000,50.9600000,50.0600000,50.4900000,370737
US1.TRV,D,01/09/11,00:00,50.3600000,50.7300000,50.0900000,50.2400000,483844
US1.TRV,D,04/03/13,00:00,80.6000000,80.6200000,79.9900000,80.5200000,1441607
US1.TRV,D,05/03/13,00:00,80.8600000,82.0000000,80.5625000,81.4600000,1973522
US1.TRV,D,06/03/13,00:00,81.6300000,81.8800000,80.9000000,81.0700000,1144382
US1.TRV,D,07/03/13,00:00,81.1100000,81.4400000,80.9001000,81.2000000,1076871
US1.TRV,D,08/03/13,00:00,81.7200000,82.0500000,81.2400000,81.6500000,1358575
US1.TRV,D,11/03/13,00:00,81.6400000,81.7999000,81.1800000,81.7500000,1250040
US1.TRV,D,12/03/13,00:00,81.5600000,81.9400000,81.4700000,81.7400000,1138264
US1.TRV,D,13/03/13,00:00,81.7700000,82.2700000,81.7200000,82.1200000,1235147
US1.TRV,D,14/03/13,00:00,82.3500000,82.8900000,81.9800000,82.3600000,2115391
US1.TRV,D,15/03/13,00:00,82.6800000,83.1500000,82.0000000,82.2550000,298161
US1.TRV,D,18/03/13,00:00,81.9200000,83.1100000,81.9200000,82.5300000,203440
US1.TRV,D,19/03/13,00:00,83.0000000,83.4100000,82.7800000,83.1800000,283632
US1.TRV,D,20/03/13,00:00,83.4700000,84.0800000,83.3800000,83.8500000,225418
US1.TRV,D,21/03/13,00:00,83.5300000,84.0700000,83.4600000,83.7500000,259483
US1.TRV,D,22/03/13,00:00,84.3700000,84.3700000,83.4250000,83.7100000,212592
US1.TRV,D,25/03/13,00:00,84.0000000,84.0600000,82.9500000,83.3800000,242389
US1.TRV,D,26/03/13,00:00,83.6400000,84.0400000,83.1900000,83.3700000,222539
US1.TRV,D,27/03/13,00:00,82.8800000,83.5800000,82.7600000,83.3700000,161486
US1.TRV,D,28/03/13,00:00,83.5500000,84.2750000,83.4400000,84.2250000,158229
US1.TRV,D,01/04/13,00:00,84.0600000,84.6800000,83.7500000,83.9550000,122716
US1.TRV,D,02/04/13,00:00,84.2700000,84.6100000,84.1500000,84.4000000,108620
US1.TRV,D,03/04/13,00:00,84.4200000,84.6100000,83.6700000,83.7100000,206508
US1.TRV,D,04/04/13,00:00,83.8800000,84.6000000,83.8600000,84.3700000,123922
US1.TRV,D,05/04/13,00:00,83.7100000,84.4700000,83.3500000,84.4100000,163495
US1.TRV,D,08/04/13,00:00,84.3000000,84.7850000,83.9800000,84.7550000,125512
US1.TRV,D,09/04/13,00:00,84.9800000,85.5900000,84.6500000,85.2600000,136351
US1.TRV,D,10/04/13,00:00,85.2800000,85.6100000,84.6500000,84.8100000,186064
US1.TRV,D,11/04/13,00:00,85.0400000,86.1200000,85.0400000,86.0700000,164663
US1.TRV,D,12/04/13,00:00,86.0000000,86.4000000,85.6100000,86.2600000,119348
US1.TRV,D,15/04/13,00:00,86.0200000,86.6100000,84.7500000,84.7600000,203503
US1.TRV,D,16/04/13,00:00,85.0000000,86.6000000,84.7800000,86.5600000,144958
US1.TRV,D,17/04/13,00:00,85.9800000,86.0700000,84.8100000,85.0700000,173476
US1.TRV,D,18/04/13,00:00,85.3700000,85.6400000,83.7400000,84.0900000,152342
US1.TRV,D,19/04/13,00:00,84.3700000,84.9400000,84.2500000,84.8000000,207116
US1.TRV,D,22/04/13,00:00,84.8000000,85.0200000,83.9500000,84.5600000,200627
US1.TRV,D,23/04/13,00:00,87.7600000,88.9100000,85.7900000,86.3500000,267016
US1.TRV,D,24/04/13,00:00,86.3600000,86.6300000,85.5800000,85.8200000,256713
US1.TRV,D,25/04/13,00:00,85.8900000,86.0000000,85.0700000,85.2700000,208987
US1.TRV,D,26/04/13,00:00,85.3100000,85.8500000,85.1500000,85.1500000,201164
US1.TRV,D,29/04/13,00:00,85.2200000,85.5600000,84.7500000,85.4600000,214512
US1.TRV,D,30/04/13,00:00,85.1900000,85.6400000,85.0800000,85.3900000,200050
US1.TRV,D,01/05/13,00:00,85.4800000,85.4800000,83.9900000,84.0900000,193246
US1.TRV,D,02/05/13,00:00,84.4600000,84.5000000,84.0300000,84.4000000,151270
US1.TRV,D,03/05/13,00:00,85.0900000,85.6300000,85.0400000,85.4100000,113565
US1.TRV,D,06/05/13,00:00,85.3700000,85.4700000,84.9200000,85.2800000,145887
US1.TRV,D,07/05/13,00:00,86.2200000,86.2300000,85.5600000,86.0000000,93052
US1.TRV,D,08/05/13,00:00,86.1000000,87.2900000,86.0800000,87.2900000,186588
US1.TRV,D,09/05/13,00:00,87.3300000,87.3600000,86.2300000,86.4700000,128276
US1.TRV,D,10/05/13,00:00,86.5800000,86.5800000,86.0200000,86.4800000,48676
US1.TRV,D,13/05/13,00:00,86.3700000,86.8300000,86.2300000,86.5100000,49282
US1.TRV,D,14/05/13,00:00,86.5200000,87.9000000,86.5200000,87.9000000,135162
US1.TRV,D,15/05/13,00:00,87.5600000,87.9000000,87.0600000,87.7600000,146293
US1.TRV,D,16/05/13,00:00,87.4700000,87.5300000,86.6300000,86.8700000,181012
US1.TRV,D,17/05/13,00:00,87.1000000,87.3400000,86.0650000,86.4800000,219359
US1.TRV,D,20/05/13,00:00,86.1800000,86.5200000,85.4400000,85.5100000,131720
US1.TRV,D,21/05/13,00:00,85.3600000,85.6500000,83.1600000,83.8700000,202151
US1.TRV,D,22/05/13,00:00,83.6000000,84.3100000,83.2800000,83.7700000,342355
US1.TRV,D,23/05/13,00:00,83.1400000,83.8400000,82.7700000,83.4800000,233450
US1.TRV,D,24/05/13,00:00,82.8800000,83.6100000,82.5900000,83.5900000,158742
US1.TRV,D,28/05/13,00:00,84.4200000,84.4200000,82.7400000,83.2600000,264374
US1.TRV,D,29/05/13,00:00,82.8900000,83.9500000,82.7100000,83.6800000,304285
US1.TRV,D,30/05/13,00:00,83.7500000,84.7700000,83.7500000,84.6000000,220671
US1.TRV,D,31/05/13,00:00,84.3900000,85.0800000,83.7800000,83.7800000,230553
US1.TRV,D,03/06/13,00:00,83.9500000,84.0600000,82.9600000,83.7600000,342183
US1.TRV,D,04/06/13,00:00,83.8300000,84.3100000,83.4400000,83.8100000,329518
US1.TRV,D,05/06/13,00:00,83.5150000,83.9000000,82.2200000,82.2450000,323654
US1.TRV,D,06/06/13,00:00,80.7500000,81.9400000,80.7500000,81.7400000,345355
US1.TRV,D,07/06/13,00:00,81.9900000,83.7100000,81.5350000,83.4400000,540889
US1.TRV,D,10/06/13,00:00,83.4800000,83.4800000,82.6100000,83.3000000,229486
US1.TRV,D,11/06/13,00:00,82.5500000,82.9000000,81.8800000,82.0900000,259109
US1.TRV,D,12/06/13,00:00,82.5600000,82.8200000,81.4400000,81.4600000,230574
US1.TRV,D,13/06/13,00:00,81.2700000,82.8300000,80.9600000,82.8000000,239363
US1.TRV,D,14/06/13,00:00,82.9000000,83.0800000,81.9800000,82.1300000,240198
US1.TRV,D,17/06/13,00:00,82.4800000,83.7800000,82.4800000,83.2500000,300379
US1.TRV,D,18/06/13,00:00,83.4200000,84.2600000,83.4200000,84.0900000,143710
US1.TRV,D,19/06/13,00:00,83.8700000,83.8700000,82.2800000,82.2900000,205345
US1.TRV,D,20/06/13,00:00,81.4700000,81.6100000,79.7050000,79.8100000,232933
US1.TRV,D,21/06/13,00:00,80.1100000,80.3100000,78.5900000,79.0200000,356085
US1.TRV,D,24/06/13,00:00,78.1400000,78.4500000,77.4000000,77.8800000,389414
US1.TRV,D,25/06/13,00:00,78.3100000,79.1400000,78.2400000,78.4200000,256982
US1.TRV,D,26/06/13,00:00,78.9300000,80.0100000,78.9100000,79.7900000,238065
US1.TRV,D,27/06/13,00:00,80.1500000,80.3500000,79.8200000,80.2300000,112285
US1.TRV,D,28/06/13,00:00,80.0500000,80.6200000,79.5300000,79.9300000,214953
US1.TRV,D,01/07/13,00:00,80.5700000,81.4900000,80.5200000,81.1400000,242680
US1.TRV,D,02/07/13,00:00,80.8400000,81.2900000,79.5400000,79.8300000,238069
US1.TRV,D,03/07/13,00:00,79.3900000,80.6200000,79.3900000,80.3400000,95272
US1.TRV,D,05/07/13,00:00,80.9500000,81.3400000,80.0200000,81.3300000,132599
US1.TRV,D,08/07/13,00:00,81.6000000,82.2900000,81.6000000,81.7600000,167254
US1.TRV,D,09/07/13,00:00,82.4000000,82.5500000,81.6900000,82.0700000,221347
US1.TRV,D,10/07/13,00:00,81.9100000,82.0200000,81.1000000,81.5600000,144128
US1.TRV,D,11/07/13,00:00,82.5500000,82.8600000,82.1500000,82.7000000,153726
US1.TRV,D,12/07/13,00:00,82.5500000,84.2300000,82.5500000,84.2000000,200085
US1.TRV,D,15/07/13,00:00,84.0600000,84.1550000,83.0500000,83.2700000,189215
US1.TRV,D,16/07/13,00:00,83.4600000,83.7500000,82.9600000,83.2400000,150830
US1.TRV,D,17/07/13,00:00,83.6900000,84.1300000,83.5700000,83.9900000,206443
US1.TRV,D,18/07/13,00:00,84.3800000,84.7000000,84.2700000,84.5300000,227121
US1.TRV,D,19/07/13,00:00,84.5600000,84.7800000,84.2000000,84.6300000,163721
US1.TRV,D,22/07/13,00:00,84.9200000,85.5300000,84.5700000,85.4600000,143808
US1.TRV,D,23/07/13,00:00,85.0800000,85.0800000,82.1100000,82.2350000,243964
US1.TRV,D,24/07/13,00:00,82.3300000,82.8000000,81.6400000,82.1800000,163273
US1.TRV,D,25/07/13,00:00,81.9500000,82.9500000,81.5600000,82.8500000,232546
US1.TRV,D,26/07/13,00:00,82.5500000,83.5600000,82.1300000,83.5000000,146936
US1.TRV,D,29/07/13,00:00,83.5300000,83.5900000,82.8700000,83.4100000,154789
US1.TRV,D,30/07/13,00:00,83.5800000,83.9200000,83.0000000,83.4100000,116708
US1.TRV,D,31/07/13,00:00,83.5550000,84.1500000,83.2700000,83.5900000,117310
US1.TRV,D,01/08/13,00:00,84.3300000,84.7500000,84.1000000,84.3700000,75393
US1.TRV,D,02/08/13,00:00,84.2300000,84.2300000,83.5600000,83.9700000,52772
US1.TRV,D,05/08/13,00:00,83.8950000,83.8950000,83.0000000,83.1700000,103852
US1.TRV,D,06/08/13,00:00,83.1000000,83.1700000,82.0100000,82.3600000,97504
US1.TRV,D,07/08/13,00:00,81.9000000,82.1600000,81.4700000,81.8500000,128133
US1.TRV,D,08/08/13,00:00,82.0500000,82.7100000,81.5300000,82.0450000,179148
US1.TRV,D,09/08/13,00:00,81.9500000,82.1800000,81.5000000,82.1100000,111237
US1.TRV,D,12/08/13,00:00,81.5300000,82.5400000,81.5100000,82.3150000,243014
US1.TRV,D,13/08/13,00:00,82.3850000,82.3950000,81.1600000,81.9700000,239600
US1.TRV,D,14/08/13,00:00,81.5500000,82.4100000,81.5500000,82.1900000,252100
US1.TRV,D,15/08/13,00:00,81.4200000,81.9200000,80.8300000,81.0800000,220454
US1.TRV,D,16/08/13,00:00,81.1700000,81.7800000,81.0200000,81.0800000,186302
US1.TRV,D,19/08/13,00:00,81.0500000,81.0500000,80.1900000,80.1900000,155723
US1.TRV,D,20/08/13,00:00,80.2100000,80.7100000,80.1300000,80.2700000,166482
US1.TRV,D,21/08/13,00:00,80.0500000,80.0500000,79.1300000,79.4600000,285681
US1.TRV,D,22/08/13,00:00,79.6000000,80.6800000,79.5200000,80.5600000,132749
US1.TRV,D,23/08/13,00:00,80.5500000,80.5500000,79.9500000,80.1900000,170293
US1.TRV,D,26/08/13,00:00,80.1800000,80.5600000,79.8900000,80.1200000,214805
US1.TRV,D,27/08/13,00:00,79.4400000,79.9900000,79.3600000,79.7600000,228267
US1.TRV,D,28/08/13,00:00,79.6700000,80.2500000,79.3800000,79.8700000,233083
US1.TRV,D,29/08/13,00:00,79.7400000,80.7500000,79.7200000,80.2800000,169321
US1.TRV,D,30/08/13,00:00,80.1400000,80.1700000,79.4100000,79.8600000,222163
US1.TRV,D,03/09/13,00:00,80.7400000,81.2700000,80.0600000,80.5200000,229946
US1.TRV,D,04/09/13,00:00,80.5050000,81.3000000,80.2750000,81.0700000,163930
US1.TRV,D,05/09/13,00:00,80.7900000,81.0100000,80.5950000,80.6600000,145908
US1.TRV,D,06/09/13,00:00,80.4600000,81.0500000,79.1400000,80.4900000,132628
US1.TRV,D,09/09/13,00:00,80.6800000,82.3100000,80.6800000,82.1800000,244640
US1.TRV,D,10/09/13,00:00,82.6800000,82.8500000,81.6900000,82.5400000,180127
US1.TRV,D,11/09/13,00:00,82.5000000,83.8500000,82.5000000,83.7200000,238212
US1.TRV,D,12/09/13,00:00,83.2200000,83.5900000,82.9600000,83.1400000,222635
US1.TRV,D,13/09/13,00:00,83.4100000,83.8800000,83.3000000,83.5600000,125929
US1.TRV,D,16/09/13,00:00,84.5400000,84.9700000,84.2500000,84.5800000,185204
US1.TRV,D,17/09/13,00:00,84.7600000,85.1100000,84.7500000,84.8800000,223583
US1.TRV,D,18/09/13,00:00,84.1000000,85.9900000,84.1000000,85.9100000,245255
US1.TRV,D,19/09/13,00:00,86.4500000,87.5200000,86.0600000,86.8900000,222505
US1.TRV,D,20/09/13,00:00,86.9500000,87.4100000,86.4500000,86.5400000,273161
US1.TRV,D,23/09/13,00:00,86.8300000,87.1800000,86.3400000,86.3900000,236133
US1.TRV,D,24/09/13,00:00,86.5100000,86.7500000,85.7700000,85.9100000,182436
US1.TRV,D,25/09/13,00:00,86.0000000,86.4500000,85.8000000,85.9800000,150707
US1.TRV,D,26/09/13,00:00,85.9200000,86.4400000,85.5600000,85.8400000,100808
US1.TRV,D,27/09/13,00:00,85.5600000,85.5800000,85.1200000,85.3900000,157010
US1.TRV,D,30/09/13,00:00,84.6100000,85.1500000,84.3700000,84.7500000,173578
US1.TRV,D,01/10/13,00:00,84.7700000,84.9300000,84.3800000,84.6600000,152885
US1.TRV,D,02/10/13,00:00,84.4200000,84.4650000,83.7300000,84.4500000,189730
US1.TRV,D,03/10/13,00:00,84.3000000,84.3350000,83.7900000,84.0900000,185057
US1.TRV,D,04/10/13,00:00,84.0600000,84.7400000,83.9400000,84.6700000,135047
US1.TRV,D,07/10/13,00:00,83.9800000,84.5000000,83.7900000,84.0900000,111415
US1.TRV,D,08/10/13,00:00,84.0550000,84.1700000,82.9300000,82.9300000,214251
US1.TRV,D,09/10/13,00:00,83.0700000,83.1700000,82.2500000,82.3500000,176622
US1.TRV,D,10/10/13,00:00,83.0200000,84.2900000,83.0200000,84.1350000,152828
US1.TRV,D,11/10/13,00:00,84.0400000,84.7600000,83.8700000,84.6500000,193703
US1.TRV,D,14/10/13,00:00,84.4400000,85.2800000,84.2100000,85.2100000,108151
US1.TRV,D,15/10/13,00:00,84.7700000,85.0300000,84.4000000,84.4500000,135823
US1.TRV,D,16/10/13,00:00,85.1600000,86.2900000,85.0500000,86.0700000,222767
US1.TRV,D,17/10/13,00:00,85.2300000,86.1200000,84.8900000,86.0400000,225380
US1.TRV,D,18/10/13,00:00,86.5600000,86.7600000,86.1500000,86.5900000,151135
US1.TRV,D,21/10/13,00:00,86.6900000,86.9250000,86.3600000,86.7500000,165506
US1.TRV,D,22/10/13,00:00,87.8200000,87.9800000,86.2600000,86.7100000,329641
US1.TRV,D,23/10/13,00:00,86.2100000,86.4400000,85.6350000,86.2900000,171881
US1.TRV,D,24/10/13,00:00,86.2100000,87.3350000,86.2100000,87.0500000,156323
US1.TRV,D,25/10/13,00:00,86.7800000,87.1000000,86.5300000,86.6200000,165239
US1.TRV,D,28/10/13,00:00,86.6600000,87.4600000,86.6600000,87.1000000,113016
US1.TRV,D,29/10/13,00:00,87.2900000,87.4600000,86.9000000,87.2550000,121684
US1.TRV,D,30/10/13,00:00,87.3250000,87.4500000,86.5400000,86.9200000,132205
US1.TRV,D,31/10/13,00:00,86.9300000,87.0600000,86.2900000,86.3000000,194720
US1.TRV,D,01/11/13,00:00,86.4700000,86.5700000,86.0200000,86.3900000,170103
US1.TRV,D,04/11/13,00:00,86.6700000,87.0800000,86.3600000,86.6100000,127720
US1.TRV,D,05/11/13,00:00,86.5000000,86.9300000,86.1500000,86.4700000,165087
US1.TRV,D,06/11/13,00:00,86.5000000,87.6000000,86.4600000,87.5100000,174901
US1.TRV,D,07/11/13,00:00,87.6400000,88.0250000,87.1600000,87.2300000,233115
US1.TRV,D,08/11/13,00:00,87.2300000,87.5500000,87.0200000,87.4600000,114242
US1.TRV,D,11/11/13,00:00,87.6800000,88.3100000,87.6500000,87.9650000,158501
US1.TRV,D,12/11/13,00:00,87.6200000,87.6200000,86.1200000,86.4400000,284355
US1.TRV,D,13/11/13,00:00,86.2000000,87.5200000,86.1600000,87.2100000,235659
US1.TRV,D,14/11/13,00:00,87.4900000,88.2800000,87.3300000,88.2400000,144262
US1.TRV,D,15/11/13,00:00,88.3500000,88.8700000,88.0900000,88.6400000,178016
US1.TRV,D,18/11/13,00:00,88.9300000,88.9300000,88.0700000,88.1700000,216964
US1.TRV,D,19/11/13,00:00,88.1400000,88.4400000,87.9200000,88.0700000,166967
US1.TRV,D,20/11/13,00:00,88.2900000,88.4400000,87.7000000,87.9300000,184102
US1.TRV,D,21/11/13,00:00,88.0000000,89.4200000,88.0000000,89.2200000,173269
US1.TRV,D,22/11/13,00:00,89.1500000,90.5850000,89.0600000,90.5100000,196032
US1.TRV,D,25/11/13,00:00,90.8100000,90.9900000,90.5300000,90.8100000,166566
US1.TRV,D,26/11/13,00:00,90.8300000,91.2000000,90.7700000,90.9900000,82886
US1.TRV,D,27/11/13,00:00,90.9500000,91.4200000,90.8000000,90.9900000,184980
US1.TRV,D,29/11/13,00:00,91.1500000,91.6700000,90.7500000,90.7500000,87813
US1.TRV,D,02/12/13,00:00,90.1700000,90.1700000,88.8900000,88.9500000,269565
US1.TRV,D,03/12/13,00:00,88.8300000,89.5900000,88.4300000,89.0250000,289023
US1.TRV,D,04/12/13,00:00,88.7300000,89.4500000,87.9000000,88.6200000,326715
US1.TRV,D,05/12/13,00:00,88.5100000,88.7100000,87.8400000,87.9300000,250382
US1.TRV,D,06/12/13,00:00,88.2800000,89.4100000,88.2200000,89.0400000,207077
US1.TRV,D,09/12/13,00:00,89.1550000,89.2500000,88.3400000,88.4400000,166052
US1.TRV,D,10/12/13,00:00,88.2400000,88.8200000,88.0400000,88.4400000,147367
US1.TRV,D,11/12/13,00:00,88.3800000,88.6850000,87.0400000,87.1000000,142903
US1.TRV,D,12/12/13,00:00,87.1200000,87.3200000,86.5000000,86.6300000,141932
US1.TRV,D,13/12/13,00:00,86.5350000,86.7900000,86.3250000,86.4900000,87757
US1.TRV,D,16/12/13,00:00,87.0200000,87.3400000,86.6500000,87.0700000,180653
US1.TRV,D,17/12/13,00:00,86.8800000,86.9900000,86.2800000,86.5800000,189545
US1.TRV,D,18/12/13,00:00,86.8900000,88.1500000,86.6300000,88.1400000,277235
US1.TRV,D,19/12/13,00:00,87.9000000,88.9200000,87.8800000,88.7800000,127128
US1.TRV,D,20/12/13,00:00,88.8500000,89.6300000,88.8100000,89.2150000,167730
US1.TRV,D,23/12/13,00:00,89.9100000,89.9100000,89.0200000,89.1650000,91205
US1.TRV,D,24/12/13,00:00,89.0200000,89.5400000,89.0200000,89.4900000,23805
US1.TRV,D,26/12/13,00:00,89.7000000,90.1300000,89.4100000,89.9900000,53537
US1.TRV,D,27/12/13,00:00,90.0850000,90.1700000,89.4700000,89.8500000,45423
US1.TRV,D,30/12/13,00:00,89.9700000,90.5250000,89.9000000,90.2850000,74484
US1.TRV,D,31/12/13,00:00,90.5500000,90.7400000,90.2300000,90.5300000,57217
US1.TRV,D,02/01/14,00:00,90.5000000,90.6200000,88.9900000,89.3300000,85810
US1.TRV,D,03/01/14,00:00,89.5500000,89.6600000,88.9100000,89.1700000,75804
US1.TRV,D,06/01/14,00:00,89.7700000,89.8500000,88.7900000,88.9600000,80578
US1.TRV,D,07/01/14,00:00,89.0400000,89.0400000,88.0900000,88.3700000,95915
US1.TRV,D,08/01/14,00:00,88.3700000,88.3900000,87.2400000,87.5450000,147685
US1.TRV,D,09/01/14,00:00,87.9600000,88.1500000,87.1700000,87.6800000,110633
US1.TRV,D,10/01/14,00:00,87.8750000,88.1000000,87.0900000,87.4800000,108531
US1.TRV,D,13/01/14,00:00,87.3300000,87.5200000,86.2650000,86.3400000,128004
US1.TRV,D,14/01/14,00:00,86.9600000,87.6800000,86.9500000,87.4450000,113905
US1.TRV,D,15/01/14,00:00,87.5600000,87.9900000,87.3500000,87.9100000,109375
US1.TRV,D,16/01/14,00:00,87.5350000,87.8200000,86.9100000,87.2400000,82816
US1.TRV,D,17/01/14,00:00,87.2500000,87.2500000,86.4200000,86.4800000,105358
US1.TRV,D,21/01/14,00:00,86.0800000,86.2200000,83.7500000,84.9600000,253616
US1.TRV,D,22/01/14,00:00,84.8600000,85.0400000,84.4000000,84.6100000,148097
US1.TRV,D,23/01/14,00:00,83.7350000,84.0100000,82.9300000,83.1200000,211538
US1.TRV,D,24/01/14,00:00,82.5500000,83.0300000,81.6500000,81.6500000,334009
US1.TRV,D,27/01/14,00:00,81.4500000,83.1400000,81.4400000,82.3100000,271375
US1.TRV,D,28/01/14,00:00,83.0300000,83.5600000,82.8200000,83.0900000,298354
US1.TRV,D,29/01/14,00:00,82.3100000,82.8000000,82.0300000,82.2200000,254362
US1.TRV,D,30/01/14,00:00,82.6750000,82.6800000,82.1800000,82.3500000,274477
US1.TRV,D,31/01/14,00:00,81.3600000,81.9700000,80.8900000,81.2900000,256679
US1.TRV,D,03/02/14,00:00,81.1900000,81.2100000,80.0700000,80.2700000,241547
US1.TRV,D,04/02/14,00:00,80.5500000,80.5600000,79.9100000,80.3400000,187169
US1.TRV,D,05/02/14,00:00,80.1400000,80.9200000,80.1400000,80.4400000,145789
US1.TRV,D,06/02/14,00:00,80.5100000,80.7100000,79.9600000,80.7100000,165476
US1.TRV,D,07/02/14,00:00,80.9550000,80.9600000,80.2400000,80.8700000,154164
US1.TRV,D,10/02/14,00:00,81.3300000,82.4350000,80.7100000,82.3550000,248596
US1.TRV,D,11/02/14,00:00,82.5200000,83.5900000,82.2200000,83.1700000,181652
US1.TRV,D,12/02/14,00:00,82.7700000,83.0800000,81.8900000,82.2300000,213409
US1.TRV,D,13/02/14,00:00,81.8800000,82.8800000,81.6200000,82.8700000,136444
US1.TRV,D,14/02/14,00:00,82.5700000,84.0300000,82.5700000,84.0300000,140233
US1.TRV,D,18/02/14,00:00,84.1500000,84.7900000,84.1100000,84.3700000,153007
US1.TRV,D,19/02/14,00:00,84.4100000,85.1700000,83.9900000,84.0000000,213307
US1.TRV,D,20/02/14,00:00,83.9600000,84.3200000,83.4300000,83.8100000,158383
US1.TRV,D,21/02/14,00:00,83.8600000,84.1100000,83.3800000,83.7900000,105989
US1.TRV,D,24/02/14,00:00,83.9300000,84.3900000,83.4000000,83.4000000,138821
US1.TRV,D,25/02/14,00:00,83.3300000,83.3800000,82.5600000,83.3700000,154822
US1.TRV,D,26/02/14,00:00,83.4700000,83.6900000,83.0200000,83.4500000,138190
US1.TRV,D,27/02/14,00:00,83.2700000,83.8300000,83.1400000,83.8300000,52419
US1.TRV,D,28/02/14,00:00,83.6650000,84.2000000,83.5100000,83.8600000,72726
US1.TRV,D,03/03/14,00:00,83.6100000,83.7500000,82.6200000,83.1400000,80463
US1.TRV,D,04/03/14,00:00,84.1600000,84.4700000,83.8100000,84.1100000,82919
US1.TRV,D,05/03/14,00:00,83.7800000,84.4000000,83.6500000,84.3650000,126783
US1.TRV,D,06/03/14,00:00,83.8700000,84.5100000,83.7500000,84.4100000,55408
US1.TRV,D,07/03/14,00:00,84.5600000,84.8000000,83.7300000,83.9200000,120122
US1.TRV,D,10/03/14,00:00,83.6700000,83.8800000,83.3500000,83.8150000,91606
US1.TRV,D,11/03/14,00:00,84.0900000,84.1500000,83.3500000,83.5800000,58559
US1.TRV,D,12/03/14,00:00,83.0300000,83.7200000,83.0300000,83.3700000,80589
US1.TRV,D,13/03/14,00:00,83.6700000,83.8100000,82.5100000,82.6300000,110032
US1.TRV,D,14/03/14,00:00,82.7400000,82.8300000,82.3500000,82.6300000,82450
US1.TRV,D,17/03/14,00:00,83.1100000,83.7700000,82.8500000,83.5400000,90789
US1.TRV,D,18/03/14,00:00,83.6600000,84.2400000,83.4100000,83.9650000,108586
US1.TRV,D,19/03/14,00:00,83.9600000,84.2300000,82.8200000,83.2300000,120065
US1.TRV,D,20/03/14,00:00,82.8800000,83.5050000,82.5100000,83.2600000,112061
US1.TRV,D,21/03/14,00:00,83.9300000,83.9400000,83.3200000,83.6000000,137804
US1.TRV,D,24/03/14,00:00,83.7700000,84.2500000,83.6700000,83.8700000,77287
US1.TRV,D,25/03/14,00:00,84.5100000,84.6700000,83.9600000,84.0000000,122347
US1.TRV,D,26/03/14,00:00,84.4050000,84.4700000,83.4600000,83.4800000,103396
US1.TRV,D,27/03/14,00:00,83.5050000,83.7700000,83.2400000,83.4700000,219143
US1.TRV,D,28/03/14,00:00,83.8300000,84.1700000,83.5200000,83.9400000,81016
US1.TRV,D,31/03/14,00:00,84.6400000,85.1200000,84.5600000,85.0950000,88916
US1.TRV,D,01/04/14,00:00,85.1700000,85.2300000,84.1700000,84.3700000,90968
US1.TRV,D,02/04/14,00:00,84.2600000,85.2300000,84.2300000,84.6500000,97993
US1.TRV,D,03/04/14,00:00,84.7000000,85.1000000,84.5500000,84.9900000,54555
US1.TRV,D,04/04/14,00:00,85.4600000,86.0600000,85.1400000,85.1950000,107246
US1.TRV,D,07/04/14,00:00,85.1600000,85.5400000,84.9400000,85.0000000,156197
US1.TRV,D,08/04/14,00:00,84.7500000,84.9100000,84.4500000,84.7600000,196263
US1.TRV,D,09/04/14,00:00,84.8700000,85.8100000,84.6700000,85.8000000,179714
US1.TRV,D,10/04/14,00:00,85.6500000,86.2900000,84.9200000,85.0200000,136597
US1.TRV,D,11/04/14,00:00,85.1200000,85.6100000,84.8700000,85.2900000,103716
US1.TRV,D,14/04/14,00:00,85.8000000,85.8200000,84.8500000,85.5200000,164403
US1.TRV,D,15/04/14,00:00,85.3300000,85.9600000,84.9200000,85.8900000,110847
US1.TRV,D,16/04/14,00:00,86.5200000,86.9200000,86.2600000,86.7750000,96783
US1.TRV,D,17/04/14,00:00,87.1600000,87.3700000,86.4000000,86.6950000,90548
US1.TRV,D,21/04/14,00:00,86.7900000,86.8400000,86.0700000,86.4100000,109090
US1.TRV,D,22/04/14,00:00,86.8300000,87.6000000,86.1000000,86.8800000,128955
US1.TRV,D,23/04/14,00:00,86.9000000,88.5400000,86.7300000,88.1300000,148526
US1.TRV,D,24/04/14,00:00,88.4200000,88.9700000,88.4200000,88.5500000,93996
US1.TRV,D,25/04/14,00:00,88.5200000,88.6300000,88.0000000,88.3050000,74608
US1.TRV,D,28/04/14,00:00,88.9100000,90.2700000,88.8500000,89.6400000,189364
US1.TRV,D,29/04/14,00:00,89.9000000,90.9200000,89.8900000,90.9100000,114558
US1.TRV,D,30/04/14,00:00,90.6700000,90.7500000,90.0300000,90.5700000,92611
US1.TRV,D,01/05/14,00:00,90.6400000,90.9150000,90.2500000,90.8400000,105401
US1.TRV,D,02/05/14,00:00,90.9900000,91.6400000,90.8500000,91.0000000,84560
US1.TRV,D,05/05/14,00:00,90.7100000,90.9200000,89.9300000,90.6500000,62165
US1.TRV,D,06/05/14,00:00,90.5150000,90.5150000,89.8200000,89.8800000,91489
US1.TRV,D,07/05/14,00:00,90.4100000,91.5000000,90.4100000,91.0500000,173736
US1.TRV,D,08/05/14,00:00,91.1800000,91.5000000,91.0000000,91.2200000,56430
US1.TRV,D,09/05/14,00:00,91.2500000,91.3500000,90.7400000,91.2900000,68512
US1.TRV,D,12/05/14,00:00,92.1900000,92.9250000,92.0400000,92.0500000,76444
US1.TRV,D,13/05/14,00:00,92.3600000,93.0500000,92.3600000,92.8900000,86422
US1.TRV,D,14/05/14,00:00,92.9100000,92.9400000,92.4800000,92.6600000,73276
US1.TRV,D,15/05/14,00:00,92.5700000,92.6500000,91.9300000,92.3700000,110995
US1.TRV,D,16/05/14,00:00,92.2350000,92.6050000,91.6500000,92.5950000,99584
US1.TRV,D,19/05/14,00:00,92.4800000,92.8800000,92.2000000,92.7900000,44628
US1.TRV,D,20/05/14,00:00,92.6300000,92.9600000,92.3500000,92.6700000,47364
US1.TRV,D,21/05/14,00:00,92.8300000,93.3200000,92.5900000,92.7900000,50813
US1.TRV,D,22/05/14,00:00,92.9400000,93.0600000,92.6500000,93.0000000,34397
US1.TRV,D,23/05/14,00:00,92.8700000,93.2900000,92.4100000,92.8600000,64250
US1.TRV,D,27/05/14,00:00,93.1800000,93.6400000,92.9800000,93.4200000,53867
US1.TRV,D,28/05/14,00:00,93.4500000,93.7800000,93.2700000,93.4500000,78362
US1.TRV,D,29/05/14,00:00,93.7400000,94.3100000,93.4300000,94.0900000,88538
US1.TRV,D,30/05/14,00:00,93.9900000,94.0000000,93.3650000,93.4500000,88010
US1.TRV,D,02/06/14,00:00,93.8500000,94.0000000,93.6800000,93.7300000,56320
US1.TRV,D,03/06/14,00:00,93.0800000,93.4350000,92.8700000,93.4100000,92627
US1.TRV,D,04/06/14,00:00,93.4300000,94.7400000,93.4300000,94.6600000,72588
US1.TRV,D,05/06/14,00:00,94.9200000,94.9900000,94.2400000,94.9750000,95580
US1.TRV,D,06/06/14,00:00,94.7300000,94.9600000,94.2900000,94.3600000,82778
US1.TRV,D,09/06/14,00:00,94.6400000,95.0450000,94.5500000,94.6700000,74779
US1.TRV,D,10/06/14,00:00,94.7300000,95.1500000,94.6500000,95.1000000,71052
US1.TRV,D,11/06/14,00:00,94.9600000,95.1000000,94.6300000,94.9100000,83511
US1.TRV,D,12/06/14,00:00,95.1500000,95.1600000,94.5800000,94.9900000,72989
US1.TRV,D,13/06/14,00:00,95.2300000,95.4800000,94.8400000,95.3900000,57612
US1.TRV,D,16/06/14,00:00,95.2200000,95.7500000,95.2200000,95.4700000,56784
US1.TRV,D,17/06/14,00:00,94.9500000,95.6900000,94.5800000,95.3000000,90854
US1.TRV,D,18/06/14,00:00,95.3000000,95.5600000,94.9300000,95.4200000,108664
US1.TRV,D,19/06/14,00:00,95.5500000,95.6050000,95.0900000,95.5600000,95279
US1.TRV,D,20/06/14,00:00,96.1000000,96.1200000,94.5600000,94.5900000,127626
US1.TRV,D,23/06/14,00:00,94.9200000,95.2100000,94.6600000,94.9500000,80999
US1.TRV,D,24/06/14,00:00,94.8000000,95.3900000,94.5500000,94.6700000,84896
US1.TRV,D,25/06/14,00:00,94.7700000,95.0300000,94.3700000,94.8800000,58623
US1.TRV,D,26/06/14,00:00,94.9200000,94.9200000,93.6100000,94.4000000,45469
US1.TRV,D,27/06/14,00:00,94.5200000,94.7900000,93.6100000,93.9500000,70246
US1.TRV,D,30/06/14,00:00,93.9300000,94.3600000,93.6600000,94.0450000,78861
US1.TRV,D,01/07/14,00:00,95.1300000,95.7800000,94.9900000,95.2100000,82163
US1.TRV,D,02/07/14,00:00,95.0200000,95.2400000,94.4400000,94.6100000,50115
US1.TRV,D,03/07/14,00:00,94.6000000,94.8400000,94.3600000,94.8300000,40809
US1.TRV,D,07/07/14,00:00,94.4600000,94.7400000,94.4050000,94.5550000,47918
US1.TRV,D,08/07/14,00:00,94.4450000,94.5800000,93.8500000,94.1500000,140847
US1.TRV,D,09/07/14,00:00,94.6300000,94.7600000,94.2350000,94.7000000,72815
US1.TRV,D,10/07/14,00:00,93.7300000,94.3700000,93.5700000,94.3150000,116063
US1.TRV,D,11/07/14,00:00,94.3400000,94.7300000,94.1300000,94.6600000,95757
US1.TRV,D,14/07/14,00:00,95.4500000,95.8300000,95.2800000,95.5350000,98579
US1.TRV,D,15/07/14,00:00,95.7100000,96.0200000,95.6400000,95.9900000,79221
US1.TRV,D,16/07/14,00:00,95.7400000,96.0000000,95.4700000,95.6100000,103632
US1.TRV,D,17/07/14,00:00,95.6100000,95.7400000,94.6500000,94.7100000,54896
US1.TRV,D,18/07/14,00:00,95.0100000,95.4300000,94.7500000,95.2950000,92926
US1.TRV,D,21/07/14,00:00,95.3900000,95.5800000,94.7000000,95.2800000,90339
US1.TRV,D,22/07/14,00:00,90.6100000,91.9900000,90.6100000,91.6350000,349025
US1.TRV,D,23/07/14,00:00,91.6250000,91.8900000,91.2800000,91.7900000,175184
US1.TRV,D,24/07/14,00:00,91.9700000,93.0900000,91.9500000,92.8850000,105471
US1.TRV,D,25/07/14,00:00,92.7500000,92.9300000,91.8100000,92.1100000,130982
US1.TRV,D,28/07/14,00:00,91.8200000,92.1000000,91.0300000,91.8850000,116467
US1.TRV,D,29/07/14,00:00,92.0900000,92.4600000,91.0900000,91.1100000,102903
US1.TRV,D,30/07/14,00:00,91.4300000,91.5600000,90.8300000,90.9300000,120190
US1.TRV,D,31/07/14,00:00,90.4600000,91.1900000,89.5600000,89.5600000,82186
US1.TRV,D,01/08/14,00:00,89.4500000,90.0200000,89.0800000,89.6200000,89505
US1.TRV,D,04/08/14,00:00,89.6400000,90.0100000,89.1300000,89.9400000,93910
US1.TRV,D,05/08/14,00:00,89.7300000,89.8400000,88.8250000,89.1300000,95995
US1.TRV,D,06/08/14,00:00,88.9800000,89.9000000,88.9800000,89.7050000,82680
US1.TRV,D,07/08/14,00:00,89.7500000,90.2500000,89.6800000,89.9000000,84689
US1.TRV,D,08/08/14,00:00,89.8400000,90.6000000,89.6600000,90.4400000,42750
US1.TRV,D,11/08/14,00:00,90.5900000,90.8500000,90.5600000,90.6800000,49403
US1.TRV,D,12/08/14,00:00,90.4900000,91.2100000,90.4300000,91.1050000,46560
US1.TRV,D,13/08/14,00:00,91.3500000,91.4700000,91.0300000,91.2500000,43734
US1.TRV,D,14/08/14,00:00,91.6000000,92.2400000,91.5750000,92.2150000,29486
US1.TRV,D,15/08/14,00:00,92.4800000,92.8500000,91.5000000,92.1300000,44114
US1.TRV,D,18/08/14,00:00,92.6000000,93.0450000,92.5200000,92.9650000,38077
US1.TRV,D,19/08/14,00:00,92.9100000,93.0500000,92.7500000,92.9000000,53953
US1.TRV,D,20/08/14,00:00,92.7000000,93.1300000,92.3700000,93.1000000,40276
US1.TRV,D,21/08/14,00:00,93.0100000,94.1800000,92.9500000,93.9400000,52949
US1.TRV,D,22/08/14,00:00,93.8800000,94.1300000,93.5200000,93.7500000,63961
US1.TRV,D,25/08/14,00:00,94.2000000,94.5100000,93.8900000,94.3100000,33949
US1.TRV,D,26/08/14,00:00,94.2400000,94.6500000,94.1300000,94.2100000,45611
US1.TRV,D,27/08/14,00:00,94.2400000,94.7600000,94.1000000,94.7500000,47158
US1.TRV,D,28/08/14,00:00,94.3400000,94.7500000,94.2800000,94.3100000,75557
US1.TRV,D,29/08/14,00:00,94.4550000,94.7550000,93.9700000,94.7300000,46070
US1.TRV,D,02/09/14,00:00,94.9200000,95.3200000,94.3600000,94.5200000,92671
US1.TRV,D,03/09/14,00:00,95.0900000,95.2400000,94.3800000,94.4900000,60065
US1.TRV,D,04/09/14,00:00,94.6000000,94.9700000,94.0800000,94.2400000,56040
US1.TRV,D,05/09/14,00:00,94.2300000,94.4100000,93.4900000,94.2100000,74770
US1.TRV,D,08/09/14,00:00,93.6900000,94.0100000,93.1500000,93.2600000,55939
US1.TRV,D,09/09/14,00:00,93.3050000,93.3050000,92.5900000,92.8500000,109230
US1.TRV,D,10/09/14,00:00,92.9700000,93.5200000,92.9550000,93.1700000,81629
US1.TRV,D,11/09/14,00:00,92.8700000,93.0400000,92.5900000,92.9200000,59621
US1.TRV,D,12/09/14,00:00,92.7150000,93.0000000,92.3600000,92.4000000,58277
US1.TRV,D,15/09/14,00:00,92.5800000,93.7400000,92.5600000,93.5400000,84808
US1.TRV,D,16/09/14,00:00,93.3200000,94.0500000,93.3000000,93.6300000,55672
US1.TRV,D,17/09/14,00:00,93.6100000,93.9700000,93.4700000,93.6700000,76577
US1.TRV,D,18/09/14,00:00,93.9300000,94.8850000,93.8700000,94.7900000,79360
US1.TRV,D,19/09/14,00:00,95.2700000,95.3200000,94.6600000,94.6600000,71597
US1.TRV,D,22/09/14,00:00,94.7700000,95.1200000,94.5000000,94.6100000,60249
US1.TRV,D,23/09/14,00:00,94.3600000,94.5100000,93.5750000,93.5800000,68783
US1.TRV,D,24/09/14,00:00,93.5700000,95.0000000,93.5700000,94.7800000,71597
US1.TRV,D,25/09/14,00:00,94.5100000,94.6500000,93.6600000,93.7200000,64910
US1.TRV,D,26/09/14,00:00,93.7300000,94.6800000,93.4100000,94.4000000,34294
US1.TRV,D,29/09/14,00:00,93.6300000,94.0500000,93.4300000,93.7600000,54632
US1.TRV,D,30/09/14,00:00,93.9250000,94.4000000,93.4600000,93.9700000,67714
US1.TRV,D,01/10/14,00:00,94.0400000,94.0800000,93.0000000,93.0800000,88961
US1.TRV,D,02/10/14,00:00,93.0400000,93.5100000,92.7900000,93.0600000,131596
US1.TRV,D,03/10/14,00:00,93.5500000,94.6600000,93.5500000,94.4400000,222411
US1.TRV,D,06/10/14,00:00,95.0200000,95.4700000,94.4000000,94.6900000,90335
US1.TRV,D,07/10/14,00:00,94.1000000,94.6900000,93.6600000,93.6600000,125336
US1.TRV,D,08/10/14,00:00,93.9800000,94.5700000,93.6300000,94.4600000,176383
US1.TRV,D,09/10/14,00:00,94.3800000,95.4300000,93.7800000,93.9100000,177175
US1.TRV,D,10/10/14,00:00,94.2300000,94.8600000,94.0000000,94.0500000,197700
US1.TRV,D,13/10/14,00:00,93.9300000,94.8000000,93.4900000,93.5000000,230309
US1.TRV,D,14/10/14,00:00,93.9900000,94.3700000,93.4800000,93.7000000,435044
US1.TRV,D,15/10/14,00:00,92.8700000,93.0800000,90.8300000,92.0000000,326954
US1.TRV,D,16/10/14,00:00,91.0100000,92.2900000,90.9900000,91.7700000,269423
US1.TRV,D,17/10/14,00:00,92.2800000,93.3900000,91.9500000,93.2300000,277606
US1.TRV,D,20/10/14,00:00,93.2600000,93.5000000,92.8500000,93.1000000,256426
US1.TRV,D,21/10/14,00:00,93.9600000,94.5400000,92.5500000,94.2200000,207566
US1.TRV,D,22/10/14,00:00,94.7400000,96.2800000,94.7400000,95.5300000,303424
US1.TRV,D,23/10/14,00:00,96.4500000,97.2300000,96.2000000,96.7300000,413505
US1.TRV,D,24/10/14,00:00,96.6200000,97.7900000,96.6000000,97.7100000,197963
US1.TRV,D,27/10/14,00:00,97.9000000,99.0300000,97.6700000,98.8500000,204433
US1.TRV,D,28/10/14,00:00,99.3000000,99.8000000,99.1200000,99.6900000,245194
US1.TRV,D,29/10/14,00:00,99.7800000,100.1400000,99.0600000,99.4200000,139070
US1.TRV,D,30/10/14,00:00,99.3900000,100.5200000,99.1000000,99.9900000,265127
US1.TRV,D,31/10/14,00:00,101.0500000,101.1900000,100.6300000,100.7800000,209537
US1.TRV,D,03/11/14,00:00,100.8200000,100.8500000,99.9400000,99.9450000,257962
US1.TRV,D,04/11/14,00:00,100.1100000,101.4300000,100.1000000,101.1400000,193663
US1.TRV,D,05/11/14,00:00,101.3600000,101.6600000,100.8200000,101.4750000,171857
US1.TRV,D,06/11/14,00:00,101.5000000,102.0400000,101.3600000,101.9100000,95898
US1.TRV,D,07/11/14,00:00,101.9800000,102.4600000,101.7000000,102.3500000,116844
US1.TRV,D,10/11/14,00:00,102.3400000,103.1000000,102.3400000,102.9900000,108164
US1.TRV,D,11/11/14,00:00,103.0600000,103.6000000,102.8800000,102.9500000,186405
US1.TRV,D,12/11/14,00:00,102.6750000,103.1400000,102.1600000,103.0500000,111072
US1.TRV,D,13/11/14,00:00,103.1600000,103.5100000,102.8400000,103.2000000,127104
US1.TRV,D,14/11/14,00:00,103.1500000,103.2100000,102.0850000,102.4200000,150887
US1.TRV,D,17/11/14,00:00,102.2000000,102.8600000,102.2000000,102.7400000,109248
US1.TRV,D,18/11/14,00:00,102.6800000,103.2900000,102.4900000,102.8700000,143401
US1.TRV,D,19/11/14,00:00,102.5900000,103.1400000,102.3900000,102.9800000,137102
US1.TRV,D,20/11/14,00:00,103.1100000,103.7100000,102.9100000,103.4500000,141736
US1.TRV,D,21/11/14,00:00,104.3400000,104.4600000,103.5700000,103.7700000,135867
US1.TRV,D,24/11/14,00:00,103.9400000,104.2200000,103.4800000,103.7800000,115896
US1.TRV,D,25/11/14,00:00,103.8500000,104.0800000,103.1200000,103.4250000,211825
US1.TRV,D,26/11/14,00:00,103.5700000,104.4100000,103.4500000,104.3700000,124985
US1.TRV,D,28/11/14,00:00,104.5900000,105.0700000,104.2300000,104.5000000,97732
US1.TRV,D,01/12/14,00:00,104.1800000,104.7900000,104.0300000,104.4400000,214359
US1.TRV,D,02/12/14,00:00,103.7100000,104.5900000,103.5600000,104.3700000,260204
US1.TRV,D,03/12/14,00:00,104.2800000,105.2850000,104.0100000,105.1400000,289711
US1.TRV,D,04/12/14,00:00,104.9700000,105.4100000,104.8050000,105.0600000,395032
US1.TRV,D,05/12/14,00:00,105.2800000,105.8900000,104.9200000,105.1800000,206586
US1.TRV,D,08/12/14,00:00,104.7100000,106.1300000,104.6200000,105.8600000,234094
US1.TRV,D,09/12/14,00:00,104.9700000,105.6200000,104.5900000,105.0100000,245213
US1.TRV,D,10/12/14,00:00,104.7600000,105.7600000,104.2300000,104.2700000,293862
US1.TRV,D,11/12/14,00:00,104.2300000,105.7000000,104.2200000,104.5300000,184850
US1.TRV,D,12/12/14,00:00,103.6400000,104.7200000,103.1400000,103.1700000,203930
US1.TRV,D,15/12/14,00:00,103.6900000,104.3600000,102.2000000,103.0900000,165425
US1.TRV,D,16/12/14,00:00,102.7800000,104.4200000,102.6100000,103.0900000,291727
US1.TRV,D,17/12/14,00:00,103.2300000,104.4500000,102.9400000,104.4000000,287885
US1.TRV,D,18/12/14,00:00,105.4100000,105.9400000,104.7100000,105.9400000,277222
US1.TRV,D,19/12/14,00:00,105.7900000,106.6500000,105.4200000,105.7600000,221062
US1.TRV,D,22/12/14,00:00,106.1100000,106.5900000,105.6800000,106.3000000,120088
US1.TRV,D,23/12/14,00:00,106.6900000,107.2800000,106.2800000,106.9300000,110522
US1.TRV,D,24/12/14,00:00,107.0800000,107.2000000,106.6400000,106.7100000,46892
US1.TRV,D,26/12/14,00:00,107.0300000,107.2100000,106.7000000,106.7100000,72881
US1.TRV,D,29/12/14,00:00,106.6500000,107.5700000,106.6300000,106.9600000,75001
US1.TRV,D,30/12/14,00:00,106.8000000,107.1400000,106.4000000,106.9600000,111935
US1.TRV,D,31/12/14,00:00,107.2500000,107.5100000,105.8600000,105.8800000,88612
US1.TRV,D,02/01/15,00:00,106.4650000,106.6500000,104.9400000,105.4100000,136538
US1.TRV,D,05/01/15,00:00,105.1150000,105.1800000,103.8700000,104.2000000,160358
US1.TRV,D,06/01/15,00:00,104.0500000,104.6800000,103.0400000,103.2500000,198418
US1.TRV,D,07/01/15,00:00,104.0100000,105.0400000,103.6500000,104.9800000,157048
US1.TRV,D,08/01/15,00:00,105.7800000,107.2400000,105.7300000,107.2200000,162056
US1.TRV,D,09/01/15,00:00,107.0600000,107.3800000,105.8300000,105.8600000,242372
US1.TRV,D,12/01/15,00:00,106.1000000,106.1000000,104.9500000,105.2100000,264309
US1.TRV,D,13/01/15,00:00,106.1700000,107.2300000,104.6800000,105.3500000,373623
US1.TRV,D,14/01/15,00:00,103.6400000,104.9600000,102.9900000,103.7300000,246795
US1.TRV,D,15/01/15,00:00,103.9900000,104.6000000,103.4100000,104.2500000,173966
US1.TRV,D,16/01/15,00:00,104.4300000,106.6500000,104.1900000,106.5400000,215922
US1.TRV,D,20/01/15,00:00,106.9800000,107.1850000,104.9300000,105.8100000,218557
US1.TRV,D,21/01/15,00:00,105.4450000,106.0400000,104.6000000,105.0000000,305804
US1.TRV,D,22/01/15,00:00,106.0800000,108.2300000,105.2800000,108.1100000,307882
US1.TRV,D,23/01/15,00:00,108.0300000,108.0800000,106.9300000,106.9400000,257302
US1.TRV,D,26/01/15,00:00,107.0200000,107.2200000,106.4100000,107.0500000,165465
US1.TRV,D,27/01/15,00:00,106.6700000,106.7300000,105.7200000,106.0100000,227245
US1.TRV,D,28/01/15,00:00,106.5800000,106.9800000,104.5200000,104.5800000,219559
US1.TRV,D,29/01/15,00:00,104.8100000,105.0000000,103.5200000,104.5300000,317596
US1.TRV,D,30/01/15,00:00,103.0100000,104.0950000,102.2800000,102.8300000,370245
US1.TRV,D,02/02/15,00:00,102.9300000,104.6100000,101.9500000,104.5700000,234753
US1.TRV,D,03/02/15,00:00,104.6500000,106.0800000,104.5200000,106.0300000,334387
US1.TRV,D,04/02/15,00:00,105.6600000,107.3600000,105.6600000,106.7100000,257442
US1.TRV,D,05/02/15,00:00,106.5700000,107.4800000,106.4800000,107.4000000,231749
US1.TRV,D,06/02/15,00:00,107.4400000,108.0500000,106.9200000,107.1700000,223813
US1.TRV,D,09/02/15,00:00,105.6800000,106.0800000,105.1600000,105.8000000,169841
US1.TRV,D,10/02/15,00:00,106.0400000,106.7600000,106.0000000,106.5100000,137872
US1.TRV,D,11/02/15,00:00,106.4900000,107.9200000,106.3500000,107.7400000,192711
US1.TRV,D,12/02/15,00:00,107.7800000,108.1500000,107.5600000,108.0000000,191825
US1.TRV,D,13/02/15,00:00,107.9150000,108.4000000,107.8500000,107.9900000,168621
US1.TRV,D,17/02/15,00:00,108.5300000,108.5300000,107.9600000,107.9900000,225462
US1.TRV,D,18/02/15,00:00,107.3600000,108.0900000,107.3600000,107.9900000,115773
US1.TRV,D,19/02/15,00:00,107.9500000,108.2900000,107.6400000,107.9600000,165261
US1.TRV,D,20/02/15,00:00,107.6200000,108.0700000,106.7600000,107.8200000,149508
US1.TRV,D,23/02/15,00:00,107.4900000,107.4900000,106.7500000,107.0600000,106149
US1.TRV,D,24/02/15,00:00,107.2600000,107.9100000,107.1500000,107.5600000,113140
US1.TRV,D,25/02/15,00:00,107.4700000,107.7300000,106.9000000,106.9200000,166265
US1.TRV,D,26/02/15,00:00,106.7900000,108.0200000,106.7900000,107.8200000,154948
US1.TRV,D,27/02/15,00:00,107.5600000,108.1300000,107.3200000,107.4450000,154444
US1.TRV,D,02/03/15,00:00,107.5500000,107.9500000,107.2900000,107.8500000,110928
US1.TRV,D,03/03/15,00:00,107.3200000,107.6800000,106.9000000,107.4150000,83567
US1.TRV,D,04/03/15,00:00,106.9200000,107.2900000,106.6700000,106.8800000,86337
US1.TRV,D,05/03/15,00:00,106.8400000,107.6900000,106.7700000,107.6200000,78114
US1.TRV,D,06/03/15,00:00,106.5400000,107.6200000,105.7200000,105.8000000,211157
US1.TRV,D,09/03/15,00:00,106.1600000,106.9800000,106.1400000,106.7000000,125442
US1.TRV,D,10/03/15,00:00,105.6500000,105.7500000,104.7300000,104.7500000,123982
US1.TRV,D,11/03/15,00:00,104.9300000,106.0200000,104.8200000,105.6800000,147694
US1.TRV,D,12/03/15,00:00,106.4400000,107.8500000,106.3100000,107.8200000,125837
US1.TRV,D,13/03/15,00:00,107.5200000,107.6600000,106.2700000,106.6500000,147895
US1.TRV,D,16/03/15,00:00,107.5700000,109.0700000,107.5500000,108.9100000,172952
US1.TRV,D,17/03/15,00:00,108.2950000,109.0600000,107.6800000,108.7500000,128693
US1.TRV,D,18/03/15,00:00,108.7100000,109.7900000,107.7200000,109.5250000,201675
US1.TRV,D,19/03/15,00:00,109.6500000,109.7500000,108.7300000,109.1200000,125246
US1.TRV,D,20/03/15,00:00,109.4500000,110.2300000,109.2300000,109.7500000,159114
US1.TRV,D,23/03/15,00:00,109.5600000,110.4900000,109.5500000,109.6200000,159901
US1.TRV,D,24/03/15,00:00,109.5600000,109.8500000,109.1300000,109.2100000,177952
US1.TRV,D,25/03/15,00:00,109.1900000,109.2800000,107.5500000,107.6200000,349458
US1.TRV,D,26/03/15,00:00,107.2100000,107.2200000,106.4400000,106.7800000,229639
US1.TRV,D,27/03/15,00:00,106.6800000,107.2500000,106.3800000,107.1300000,233164
US1.TRV,D,30/03/15,00:00,107.8200000,109.6700000,107.8050000,109.6400000,361774
US1.TRV,D,31/03/15,00:00,108.6300000,108.7100000,107.9200000,108.1900000,252523
US1.TRV,D,01/04/15,00:00,107.9200000,107.9200000,106.8300000,107.0900000,192088
US1.TRV,D,02/04/15,00:00,107.3000000,107.8400000,107.2100000,107.7300000,97926
US1.TRV,D,06/04/15,00:00,106.9200000,108.6400000,106.8200000,108.1300000,139021
US1.TRV,D,07/04/15,00:00,108.4300000,108.5000000,107.3600000,107.3600000,145981
US1.TRV,D,08/04/15,00:00,107.1300000,107.6850000,106.8700000,107.3200000,159545
US1.TRV,D,09/04/15,00:00,107.3700000,107.8900000,106.7700000,107.3200000,132818
US1.TRV,D,10/04/15,00:00,107.5000000,107.7900000,107.0500000,107.6600000,124781
US1.TRV,D,13/04/15,00:00,107.6400000,108.3300000,107.5800000,107.8600000,110641
US1.TRV,D,14/04/15,00:00,107.6300000,108.6000000,107.1000000,107.8000000,168842
US1.TRV,D,15/04/15,00:00,108.1400000,108.7600000,108.0100000,108.0600000,215030
US1.TRV,D,16/04/15,00:00,107.7000000,109.0100000,107.4700000,108.7000000,262202
US1.TRV,D,17/04/15,00:00,107.3200000,107.5600000,104.7800000,105.4100000,386938
US1.TRV,D,20/04/15,00:00,106.0500000,107.0300000,105.8800000,106.1550000,275677
US1.TRV,D,21/04/15,00:00,104.7800000,105.2200000,101.5700000,101.9100000,493851
US1.TRV,D,22/04/15,00:00,102.0900000,102.1300000,100.8300000,102.0700000,364609
US1.TRV,D,23/04/15,00:00,101.4600000,103.9900000,101.4600000,103.5200000,370208
US1.TRV,D,24/04/15,00:00,103.4300000,104.2300000,102.7500000,103.9500000,207268
US1.TRV,D,27/04/15,00:00,105.1300000,105.3800000,103.0400000,103.3300000,227165
US1.TRV,D,28/04/15,00:00,103.1400000,104.3100000,102.7300000,103.6800000,167669
US1.TRV,D,29/04/15,00:00,103.0300000,103.4600000,102.2100000,102.8500000,183344
US1.TRV,D,30/04/15,00:00,102.5400000,102.7400000,100.7800000,101.0700000,308617
US1.TRV,D,01/05/15,00:00,102.0000000,102.2000000,101.4900000,102.1250000,150015
US1.TRV,D,04/05/15,00:00,102.3000000,102.6600000,102.1300000,102.1900000,97055
US1.TRV,D,05/05/15,00:00,101.8700000,102.7600000,101.8200000,102.1000000,99639
US1.TRV,D,06/05/15,00:00,102.1200000,102.4400000,100.9600000,101.7500000,158796
US1.TRV,D,07/05/15,00:00,101.6100000,102.8000000,101.2500000,102.6150000,108719
US1.TRV,D,08/05/15,00:00,103.5000000,104.0800000,103.2900000,103.7250000,86302
US1.TRV,D,11/05/15,00:00,102.9000000,103.0700000,101.4900000,102.2800000,269028
US1.TRV,D,12/05/15,00:00,101.8200000,102.1500000,101.1400000,101.6600000,91600
US1.TRV,D,13/05/15,00:00,101.7900000,102.4700000,101.5000000,101.9800000,50273
US1.TRV,D,14/05/15,00:00,102.7100000,102.9400000,102.3950000,102.7500000,106624
US1.TRV,D,15/05/15,00:00,102.7500000,103.1600000,102.5100000,102.6800000,47399
US1.TRV,D,18/05/15,00:00,102.9400000,103.3800000,102.9400000,103.1600000,72584
US1.TRV,D,19/05/15,00:00,103.6000000,103.9000000,103.3200000,103.6700000,94049
US1.TRV,D,20/05/15,00:00,103.9900000,104.1200000,103.5500000,103.7150000,85551
US1.TRV,D,21/05/15,00:00,103.5300000,103.7800000,103.0400000,103.0800000,102788
US1.TRV,D,22/05/15,00:00,103.0500000,103.3600000,102.7300000,102.7600000,71839
US1.TRV,D,26/05/15,00:00,102.4500000,102.4700000,101.4800000,101.6300000,62192
US1.TRV,D,27/05/15,00:00,101.9300000,102.4400000,101.5000000,102.3400000,50443
US1.TRV,D,28/05/15,00:00,101.9900000,102.2100000,101.6500000,102.1700000,83554
US1.TRV,D,29/05/15,00:00,102.2050000,102.2050000,101.0500000,101.2300000,73462
US1.TRV,D,01/06/15,00:00,101.8000000,101.8400000,100.9600000,101.0300000,54499
US1.TRV,D,02/06/15,00:00,100.8900000,100.9900000,100.2300000,100.3100000,159299
US1.TRV,D,03/06/15,00:00,100.7800000,101.3900000,100.3100000,101.0100000,84684
US1.TRV,D,04/06/15,00:00,100.5200000,101.2200000,99.9700000,100.2000000,89031
US1.TRV,D,05/06/15,00:00,100.6600000,100.7100000,99.2900000,99.3300000,90237
US1.TRV,D,08/06/15,00:00,98.5800000,99.0600000,97.7400000,97.7600000,122424
US1.TRV,D,09/06/15,00:00,97.8500000,98.4300000,97.5900000,97.8100000,92476
US1.TRV,D,10/06/15,00:00,98.1700000,99.9200000,98.1700000,99.1700000,72201
US1.TRV,D,11/06/15,00:00,99.1300000,100.2900000,99.1200000,100.1400000,60188
US1.TRV,D,12/06/15,00:00,99.6300000,99.8100000,98.9400000,99.4900000,107150
US1.TRV,D,15/06/15,00:00,98.4400000,99.3400000,98.2550000,98.8200000,74107
US1.TRV,D,16/06/15,00:00,98.6500000,99.7700000,98.5300000,99.4600000,62856
US1.TRV,D,17/06/15,00:00,99.7600000,100.1000000,99.1500000,99.8000000,59449
US1.TRV,D,18/06/15,00:00,100.2600000,101.6900000,100.2600000,101.4900000,97135
US1.TRV,D,19/06/15,00:00,101.2900000,101.2900000,99.2700000,99.5400000,100159
US1.TRV,D,22/06/15,00:00,100.4100000,100.5100000,99.8200000,100.0600000,63199
US1.TRV,D,23/06/15,00:00,100.0400000,100.5700000,99.4800000,100.0000000,55561
US1.TRV,D,24/06/15,00:00,99.6600000,99.8800000,98.7900000,98.7900000,64439
US1.TRV,D,25/06/15,00:00,98.6200000,98.7450000,97.7500000,97.8000000,57855
US1.TRV,D,26/06/15,00:00,97.8600000,98.5500000,97.7500000,97.9100000,117562
US1.TRV,D,29/06/15,00:00,96.9800000,97.4100000,96.1200000,96.1300000,105722
US1.TRV,D,30/06/15,00:00,96.6600000,97.0800000,95.9100000,96.6700000,94421
US1.TRV,D,01/07/15,00:00,99.6500000,100.4300000,98.5600000,99.3400000,219211
US1.TRV,D,02/07/15,00:00,99.2600000,100.4100000,99.0900000,99.2500000,97186
US1.TRV,D,06/07/15,00:00,98.3300000,99.1100000,98.2800000,98.9400000,91825
US1.TRV,D,07/07/15,00:00,99.0300000,100.1400000,98.3200000,100.0400000,89070
US1.TRV,D,08/07/15,00:00,99.1800000,99.4700000,98.6250000,98.8200000,156744
US1.TRV,D,09/07/15,00:00,100.1900000,100.9900000,99.8800000,100.1200000,183776
US1.TRV,D,10/07/15,00:00,101.2700000,101.2700000,100.7000000,101.0000000,56145
US1.TRV,D,13/07/15,00:00,101.9500000,102.4200000,101.8700000,102.3400000,110305
US1.TRV,D,14/07/15,00:00,102.2550000,102.5850000,102.1800000,102.4400000,68879
US1.TRV,D,15/07/15,00:00,102.3800000,102.5800000,102.0800000,102.4500000,81120
US1.TRV,D,16/07/15,00:00,103.2700000,103.7100000,103.0100000,103.3000000,115770
US1.TRV,D,17/07/15,00:00,103.0800000,103.0900000,102.7100000,102.9400000,68785
US1.TRV,D,20/07/15,00:00,103.0000000,103.0000000,102.5300000,102.5600000,143348
US1.TRV,D,21/07/15,00:00,103.8300000,104.7200000,102.1600000,104.4600000,301744
US1.TRV,D,22/07/15,00:00,104.7800000,105.8500000,104.6400000,105.3100000,131388
US1.TRV,D,23/07/15,00:00,105.3100000,105.5800000,104.8800000,105.3000000,108834
US1.TRV,D,24/07/15,00:00,105.1500000,105.5500000,104.9700000,105.2500000,53661
US1.TRV,D,27/07/15,00:00,104.5800000,105.9700000,104.4900000,105.6100000,107686
US1.TRV,D,28/07/15,00:00,105.9250000,106.0500000,105.2100000,105.9400000,79929
US1.TRV,D,29/07/15,00:00,106.0200000,106.5800000,105.8300000,106.4100000,110207
US1.TRV,D,30/07/15,00:00,106.1100000,106.6300000,105.9400000,106.5300000,45617
US1.TRV,D,31/07/15,00:00,106.8100000,107.0000000,106.0350000,106.1100000,62504
US1.TRV,D,03/08/15,00:00,106.1700000,106.8800000,106.0000000,106.8600000,90746
US1.TRV,D,04/08/15,00:00,106.4800000,107.0800000,106.2600000,106.5900000,95832
US1.TRV,D,05/08/15,00:00,107.1150000,107.4600000,105.8400000,106.1100000,121082
US1.TRV,D,06/08/15,00:00,106.1900000,106.2900000,104.9250000,105.4900000,45896
US1.TRV,D,07/08/15,00:00,105.2500000,105.5600000,104.7700000,105.5100000,46694
US1.TRV,D,10/08/15,00:00,106.3400000,106.6100000,105.5900000,105.8100000,90834
US1.TRV,D,11/08/15,00:00,105.0300000,105.9800000,105.0100000,105.9200000,67019
US1.TRV,D,12/08/15,00:00,104.9700000,105.6250000,104.1800000,105.3900000,46561
US1.TRV,D,13/08/15,00:00,105.0100000,107.6400000,104.5800000,106.9900000,168862
US1.TRV,D,14/08/15,00:00,106.9550000,107.8800000,106.8900000,107.7400000,68656
US1.TRV,D,17/08/15,00:00,107.1000000,107.8700000,106.5000000,107.7400000,134956
US1.TRV,D,18/08/15,00:00,107.6900000,107.9500000,107.3500000,107.8500000,56039
US1.TRV,D,19/08/15,00:00,107.2500000,108.0300000,106.4950000,107.2750000,122173
US1.TRV,D,20/08/15,00:00,106.1900000,106.6200000,105.7250000,105.8200000,138218
US1.TRV,D,21/08/15,00:00,105.0700000,105.2400000,103.5400000,103.5400000,46647
US1.TRV,D,24/08/15,00:00,97.6700000,101.4000000,95.9200000,100.0200000,425350
US1.TRV,D,26/08/15,00:00,99.9500000,100.1900000,97.6000000,99.9700000,221846
US1.TRV,D,27/08/15,00:00,100.8300000,101.7200000,99.7900000,101.3600000,308520
US1.TRV,D,28/08/15,00:00,100.8500000,100.9800000,99.8100000,100.4000000,174448
US1.TRV,D,31/08/15,00:00,99.7500000,100.0800000,99.3450000,99.5600000,183276
US1.TRV,D,01/09/15,00:00,97.6600000,98.5400000,97.3600000,97.4400000,208061
US1.TRV,D,02/09/15,00:00,98.0800000,98.8600000,97.9000000,98.8500000,146551
US1.TRV,D,03/09/15,00:00,99.3800000,100.1100000,99.0300000,99.3600000,179508
US1.TRV,D,04/09/15,00:00,98.0600000,98.6000000,97.2900000,97.7600000,164954
US1.TRV,D,08/09/15,00:00,98.7300000,99.6800000,98.5300000,99.6200000,187538
US1.TRV,D,09/09/15,00:00,100.2600000,100.2600000,98.3100000,98.5000000,120613
US1.TRV,D,10/09/15,00:00,98.3400000,99.7000000,98.1600000,99.0100000,168605
US1.TRV,D,11/09/15,00:00,98.3600000,99.5200000,98.3000000,99.4700000,148452
US1.TRV,D,14/09/15,00:00,99.3400000,99.5700000,98.7600000,99.2500000,171555
US1.TRV,D,15/09/15,00:00,99.3900000,101.1400000,99.3300000,100.9200000,247424
US1.TRV,D,16/09/15,00:00,100.8300000,102.0800000,100.6800000,101.9000000,244536
US1.TRV,D,17/09/15,00:00,101.9000000,103.1300000,101.6700000,101.7100000,137479
US1.TRV,D,18/09/15,00:00,100.3150000,100.8100000,99.4450000,99.6900000,161810
US1.TRV,D,21/09/15,00:00,100.5400000,101.4300000,100.1300000,100.5000000,301753
US1.TRV,D,22/09/15,00:00,99.3000000,99.6500000,98.7000000,98.9900000,259598
US1.TRV,D,23/09/15,00:00,99.0600000,99.3400000,98.5000000,99.1400000,205322
US1.TRV,D,24/09/15,00:00,98.8900000,99.2300000,98.3300000,98.9800000,200347
US1.TRV,D,25/09/15,00:00,99.6200000,100.6100000,99.3100000,99.9500000,191706
US1.TRV,D,28/09/15,00:00,99.7900000,100.2500000,98.9200000,99.1400000,161703
US1.TRV,D,29/09/15,00:00,99.0000000,99.6100000,98.2100000,99.5200000,354966
US1.TRV,D,30/09/15,00:00,100.2300000,100.3200000,99.2800000,99.5500000,196668
US1.TRV,D,01/10/15,00:00,99.5700000,99.5700000,97.1900000,98.3600000,245067
US1.TRV,D,02/10/15,00:00,97.5600000,100.0200000,97.1900000,100.0200000,246747
US1.TRV,D,12/10/15,00:00,102.6700000,103.9900000,102.6700000,103.7000000,99778
US1.TRV,D,13/10/15,00:00,103.3100000,103.9800000,103.2900000,103.3100000,182286
US1.TRV,D,14/10/15,00:00,103.4700000,103.7200000,102.6900000,102.7800000,211483
US1.TRV,D,15/10/15,00:00,103.6000000,104.9500000,103.2900000,104.9100000,172138
US1.TRV,D,16/10/15,00:00,105.3800000,105.9000000,105.0500000,105.8700000,140010
US1.TRV,D,19/10/15,00:00,105.8000000,106.4600000,105.3100000,106.3800000,181099
US1.TRV,D,20/10/15,00:00,108.3400000,109.7000000,107.9100000,108.9300000,255691
US1.TRV,D,21/10/15,00:00,109.5000000,111.8800000,109.5000000,110.6900000,303527
US1.TRV,D,22/10/15,00:00,111.1700000,112.9300000,111.1100000,112.2400000,245089
US1.TRV,D,23/10/15,00:00,112.8300000,112.9700000,111.9200000,112.3200000,201145
US1.TRV,D,26/10/15,00:00,112.6000000,112.9800000,112.2200000,112.7800000,93476
US1.TRV,D,27/10/15,00:00,112.4600000,113.7600000,112.3600000,113.3700000,135032
US1.TRV,D,28/10/15,00:00,113.8200000,114.3000000,113.1200000,114.2000000,148978
US1.TRV,D,29/10/15,00:00,114.3400000,114.7700000,113.6900000,114.3200000,108085
US1.TRV,D,30/10/15,00:00,114.3600000,114.4800000,112.9000000,112.9000000,143492
US1.TRV,D,02/11/15,00:00,113.4400000,113.9800000,113.3200000,113.8400000,149249
US1.TRV,D,03/11/15,00:00,113.1200000,114.1300000,113.0000000,113.6400000,122732
US1.TRV,D,04/11/15,00:00,113.6300000,114.3600000,113.2000000,114.0800000,138664
US1.TRV,D,05/11/15,00:00,114.0000000,114.5300000,113.8500000,113.9800000,117102
US1.TRV,D,06/11/15,00:00,114.5700000,114.7700000,112.5900000,112.9800000,209353
US1.TRV,D,09/11/15,00:00,113.0000000,113.0500000,112.4300000,112.8700000,107052
US1.TRV,D,10/11/15,00:00,113.1700000,114.1000000,113.1700000,114.0200000,134534
US1.TRV,D,11/11/15,00:00,114.2900000,114.7700000,113.8900000,114.3600000,131459
US1.TRV,D,12/11/15,00:00,113.9900000,114.1000000,112.2700000,112.2700000,130087
US1.TRV,D,13/11/15,00:00,112.3400000,112.8900000,111.8600000,112.0300000,214681
US1.TRV,D,16/11/15,00:00,112.0400000,112.9000000,111.6700000,112.9000000,117213
US1.TRV,D,17/11/15,00:00,112.7100000,113.4400000,112.4300000,112.8900000,178696
US1.TRV,D,18/11/15,00:00,113.1200000,114.7500000,113.1200000,114.6800000,167379
US1.TRV,D,19/11/15,00:00,114.6800000,115.3000000,114.6800000,115.0700000,115652
US1.TRV,D,20/11/15,00:00,115.2500000,116.4600000,115.2200000,115.7800000,136778
US1.TRV,D,23/11/15,00:00,115.8200000,116.1400000,115.3900000,115.6600000,92890
US1.TRV,D,24/11/15,00:00,115.0000000,115.7500000,114.7200000,115.4600000,100574
US1.TRV,D,25/11/15,00:00,115.4100000,115.5100000,114.5700000,114.7900000,61152
US1.TRV,D,27/11/15,00:00,114.5500000,115.0200000,114.3500000,114.8000000,68320
US1.TRV,D,30/11/15,00:00,115.2400000,115.4800000,114.4100000,114.5900000,97288
US1.TRV,D,01/12/15,00:00,115.3200000,116.3500000,115.2900000,115.6500000,153364
US1.TRV,D,02/12/15,00:00,115.4700000,116.0400000,114.6300000,114.7500000,107374
US1.TRV,D,03/12/15,00:00,114.1100000,114.2000000,111.0500000,111.2700000,211799
US1.TRV,D,04/12/15,00:00,111.9000000,114.1050000,111.9000000,114.0100000,129465
US1.TRV,D,07/12/15,00:00,113.6100000,113.9900000,112.8800000,113.6600000,102776
US1.TRV,D,08/12/15,00:00,112.5000000,113.0000000,111.7200000,112.4400000,151062
US1.TRV,D,09/12/15,00:00,111.7500000,112.8900000,110.8500000,111.0600000,96055
US1.TRV,D,10/12/15,00:00,111.1600000,111.7500000,110.2800000,111.0200000,131377
US1.TRV,D,11/12/15,00:00,109.5100000,110.9100000,109.4600000,109.6200000,126956
US1.TRV,D,14/12/15,00:00,110.0900000,111.7400000,110.0900000,111.0800000,200322
US1.TRV,D,15/12/15,00:00,112.3100000,113.7000000,112.2900000,113.2200000,167245
US1.TRV,D,16/12/15,00:00,114.0900000,114.8200000,113.1900000,114.5100000,162766
US1.TRV,D,17/12/15,00:00,114.5000000,114.7900000,113.2750000,113.2750000,129373
US1.TRV,D,18/12/15,00:00,112.9000000,112.9800000,110.0700000,110.1200000,224067
US1.TRV,D,21/12/15,00:00,110.7900000,111.4300000,110.0200000,110.9400000,125210
US1.TRV,D,22/12/15,00:00,111.6200000,112.6100000,110.8800000,112.4700000,122569
US1.TRV,D,23/12/15,00:00,112.9100000,113.2200000,112.2700000,113.1600000,113714
US1.TRV,D,24/12/15,00:00,113.1900000,113.7400000,112.7500000,113.2100000,61307
US1.TRV,D,28/12/15,00:00,113.2300000,113.5100000,112.6700000,113.4700000,59377
US1.TRV,D,29/12/15,00:00,114.3100000,115.1900000,114.3000000,115.0000000,98763
US1.TRV,D,30/12/15,00:00,114.9800000,115.2600000,114.2200000,114.2900000,62452
US1.TRV,D,31/12/15,00:00,114.0600000,114.3100000,112.8500000,112.8700000,76910
US1.TRV,D,04/01/16,00:00,110.7100000,110.8500000,108.7300000,109.9200000,190022
US1.TRV,D,05/01/16,00:00,110.1000000,110.7000000,109.7900000,110.4600000,179028
US1.TRV,D,06/01/16,00:00,109.3400000,109.7400000,108.5800000,109.0600000,148563
US1.TRV,D,07/01/16,00:00,107.0300000,108.3900000,106.0650000,106.5000000,228002
US1.TRV,D,08/01/16,00:00,106.9900000,107.4300000,105.8600000,105.9600000,148816
US1.TRV,D,11/01/16,00:00,106.7000000,107.2500000,105.6500000,106.8200000,118140
US1.TRV,D,12/01/16,00:00,107.7100000,108.1900000,106.6100000,108.0700000,197561
US1.TRV,D,13/01/16,00:00,108.3400000,108.6500000,105.8400000,106.0800000,302707
US1.TRV,D,14/01/16,00:00,106.3400000,107.9900000,106.0900000,106.9800000,105886
US1.TRV,D,15/01/16,00:00,105.1900000,105.6200000,104.0700000,105.1100000,191971
US1.TRV,D,19/01/16,00:00,106.6100000,106.6500000,105.2900000,105.7600000,217948
US1.TRV,D,20/01/16,00:00,104.7200000,104.9400000,102.6800000,103.6700000,303257
US1.TRV,D,21/01/16,00:00,103.9100000,104.9800000,101.3600000,102.7200000,229038
US1.TRV,D,22/01/16,00:00,103.4200000,103.8400000,102.1400000,103.0900000,141694
US1.TRV,D,25/01/16,00:00,102.5300000,103.3900000,101.5600000,102.0300000,166342
US1.TRV,D,26/01/16,00:00,102.4000000,104.0000000,102.2100000,103.2400000,218072
US1.TRV,D,27/01/16,00:00,103.3250000,104.7200000,102.7300000,103.3500000,161820
US1.TRV,D,28/01/16,00:00,103.6100000,104.8000000,103.1100000,104.4600000,101408
US1.TRV,D,29/01/16,00:00,105.3300000,107.0500000,105.0300000,107.0100000,112206
US1.TRV,D,01/02/16,00:00,106.7900000,107.3500000,106.2100000,106.9900000,148924
US1.TRV,D,02/02/16,00:00,105.5200000,106.4200000,105.5000000,106.0800000,131818
US1.TRV,D,03/02/16,00:00,106.3300000,107.5100000,104.8400000,106.8100000,142261
US1.TRV,D,05/02/16,00:00,106.0300000,106.3550000,106.0200000,106.1200000,74449
US1.TRV,D,08/02/16,00:00,105.4300000,105.9600000,103.9300000,105.6400000,274343
US1.TRV,D,09/02/16,00:00,104.9700000,106.1300000,104.9500000,105.9100000,188397
US1.TRV,D,10/02/16,00:00,106.7100000,107.6400000,105.6600000,105.7300000,158282
US1.TRV,D,11/02/16,00:00,103.9000000,104.5500000,103.0800000,103.7500000,237311
US1.TRV,D,12/02/16,00:00,104.9200000,107.5700000,104.8800000,107.4600000,166140
US1.TRV,D,16/02/16,00:00,108.0200000,108.1800000,106.6300000,107.3600000,117332
US1.TRV,D,17/02/16,00:00,107.9800000,109.2550000,107.7500000,109.1700000,162031
US1.TRV,D,18/02/16,00:00,109.0800000,109.1000000,108.7000000,108.8600000,210945
US1.TRV,D,19/02/16,00:00,108.2900000,108.7200000,107.8400000,108.0800000,153078
US1.TRV,D,22/02/16,00:00,109.1600000,109.5300000,108.5800000,109.3500000,98051
US1.TRV,D,23/02/16,00:00,108.6400000,108.8000000,107.6500000,107.9300000,102494
US1.TRV,D,24/02/16,00:00,107.0000000,108.8000000,106.7000000,108.5100000,94023
US1.TRV,D,25/02/16,00:00,108.7100000,109.2550000,108.2600000,109.2500000,74511
US1.TRV,D,26/02/16,00:00,109.4300000,109.7400000,108.2500000,108.5000000,134499
